t,NO2(t-1),NO2(t-2),NO2_target(t)
2022-11-22,0.553580121758828,0.3763301359002438,0.7310183870374012
2022-11-23,0.7310773589429245,0.5538454360195397,0.7256162893287726
2022-11-24,0.7256751321784548,0.7313607361388353,0.7202141916201442
2022-11-25,0.720272905413985,0.7259579596189242,0.7148120939115155
2022-11-26,0.714870678649515,0.7205551830990131,0.7094099962028869
2022-11-27,0.7094684518850454,0.7151524065791017,0.7040078984942585
2022-11-28,0.7040662251205756,0.7097496300591906,0.69860580078563
2022-11-29,0.6986639983561058,0.7043468535392794,0.6932037030770013
2022-11-30,0.6932617715916359,0.6989440770193682,0.6878016053683728
2022-12-01,0.6878595448271662,0.6935413004994568,0.6823995076597443
2022-12-02,0.6824573180626964,0.6881385239795457,0.6769974099511158
2022-12-03,0.6770550912982267,0.6827357474596346,0.6715953122424874
2022-12-04,0.6716528645337569,0.6773329709397234,0.6661932145338586
2022-12-05,0.6662506377692871,0.6719301944198123,0.6607911168252301
2022-12-06,0.6608484110048173,0.6665274178999009,0.6553890191166016
2022-12-07,0.6554461842403475,0.6611246413799897,1.9182400812016258
2022-12-08,1.9183274157734218,0.6557218648600787,3.1810911432866504
2022-12-09,3.181208647306496,1.9187316129955032,0.1663490346141498
2022-12-10,0.1663945165973815,3.181741361130928,-0.11239700219581751
2022-12-11,-0.1123581794413177,0.16662042907017216,-0.9696808983450926
2022-12-12,-0.9696625560595457,-0.11216063412491228,-0.6875101129576989
2022-12-13,-0.6874850296263496,-0.9695522539794098,-0.405339327570305
2022-12-14,-0.4053075031931534,-0.6873460118633361,-0.1231685421829111
2022-12-15,-0.1231299767599572,-0.4051397697472623,0.15900224320448256
2022-12-16,0.15904754967323875,-0.12293352763118846,-0.079789744506406
2022-12-17,-0.07975014276616792,0.15927271448488511,-0.3185817322172943
2022-12-18,-0.31854783520557434,-0.07954927910597992,-0.5573737199281829
2022-12-19,-0.557345527644981,-0.31837127269684473,0.3254801953807019
2022-12-20,0.32552947899932194,-0.5571932662877098,1.2083341106895864
2022-12-21,1.2084044856436247,0.3257715857777784,2.091188025998471
2022-12-22,2.091279492287928,1.2087364378432663,1.8312515009536234
2022-12-23,1.8313367573726338,2.0917012899087544,1.5713149759087763
2022-12-24,1.5713940224573402,1.8317321020252297,1.3113784508639288
2022-12-25,1.311451287542046,1.5717629141417055,1.0514419258190817
2022-12-26,1.0515085526267527,1.3117937262581807,0.7915054007742341
2022-12-27,0.7915658177114587,1.0518245383746565,0.5315688757293868
2022-12-28,0.531623082796165,0.7918553504911318,0.2716323506845395
2022-12-29,0.2716803478808712,0.5318861626076072,0.011695825639692181
2022-12-30,0.011737612965577475,0.2719169747240827,-0.24824069940515514
2022-12-31,-0.24820512194971628,0.011947786840558215,-0.5081772244500027
2023-01-01,-0.5081478568650103,-0.2480214010429663,-0.76811374949485
2023-01-02,-0.768090591780304,-0.5079905889264911,-0.6722699098816355
2023-01-03,-0.6722444624626049,-0.7679597768100156,-0.5764260702684211
2023-01-04,-0.576398333144906,-0.6721038937493826,-0.4805822306552065
2023-01-05,-0.48055220382720687,-0.5762480106887499,1.4877001746587901
2023-01-06,1.487777223653978,-0.4803921276281169,0.7355741223796547
2023-01-07,0.7356332031214651,1.4881376061083273,-0.016551929899480504
2023-01-08,-0.01651081741104743,0.7359170439410327,0.9899939048491975
2023-01-09,0.9900590636667529,-0.01630351822626169,1.3746231635158024
2023-01-10,1.3746975111069086,0.9903687960320423,1.7592524221824068
2023-01-11,1.759335958547064,1.3750463860496345,5.031974828873891
2023-01-12,5.032136550411445,1.7597239760672263,-0.4403526457499035
2023-01-13,-0.44032165783915367,5.032857623172063,3.670076740315579
2023-01-14,3.6702059261766253,-0.4401574875946761,-0.05390940048356152
2023-01-15,-0.05386918046321269,3.670788402613146,0.0566995362471055
2023-01-16,0.05674239870936277,-0.05366568303726931,0.16730847297777277
2023-01-17,0.16735397788193848,0.05695715247832631,0.2779174097084398
2023-01-18,0.2779655570545139,0.16757998799392218,0.38852634643910683
2023-01-19,0.3885771362270894,0.2782028235095178,0.49913528316977407
2023-01-20,0.49918871539966514,0.38882565902511346,0.6097442199004411
2023-01-21,0.6098002945722406,0.49944849454070933,0.7203531566311081
2023-01-22,0.7204118737448161,0.610071330056305,0.8309620933617754
2023-01-23,0.8310234529173918,0.7206941655719006,0.8253917768007993
2023-01-24,0.8254530032818346,0.8313170010874965,0.8198214602398238
2023-01-25,0.8198825536462779,0.8257459845773648,0.8142511436788479
2023-01-26,0.8143121040107208,0.8201749680672338,0.8086808271178718
2023-01-27,0.8087416543751637,0.8146039515571021,0.8031105105568958
2023-01-28,0.8031712047396066,0.8090329350469705,0.79754019399592
2023-01-29,0.7976007551040496,0.8034619185368389,0.7919698774349443
2023-01-30,0.7920303054684927,0.7978909020267075,0.7863995608739682
2023-01-31,0.7864598558329357,0.7923198855165762,0.7808292443129925
2023-02-01,0.7808894061973787,0.7867488690064446,0.7752589277520167
2023-02-02,0.7753189565618218,0.7811778524963132,0.7696886111910407
2023-02-03,0.7697485069262646,0.7756068359861819,0.7641182946300649
2023-02-04,0.7641780572907078,0.7700358194760503,0.7585479780690889
2023-02-05,0.7586076076551507,0.7644648029659189,0.7529776615081131
2023-02-06,0.7530371580195937,0.7588937864557873,0.7474073449471371
2023-02-07,0.7474667083840366,0.753322769945656,0.7418370283861613
2023-02-08,0.7418962587484796,0.7477517534355244,0.7362667118251853
2023-02-09,0.7363258091129226,0.742180736925393,0.7306963952642095
2023-02-10,0.7307553594773657,0.7366097204152613,0.7251260787032338
2023-02-11,0.7251849098418087,0.7310387039051299,0.7195557621422577
2023-02-12,0.7196144602062516,0.7254676873949986,0.713985445581282
2023-02-13,0.7140440105706947,0.719896670884867,0.7084151290203059
2023-02-14,0.7084735609351376,0.7143256543747356,0.7028448124593302
2023-02-15,0.7029031112995807,0.708754637864604,0.6972744958983541
2023-02-16,0.6973326616640235,0.7031836213544727,0.6917041793373784
2023-02-17,0.6917622120284667,0.6976126048443411,0.6861338627764023
2023-02-18,0.6861917623929095,0.6920415883342097,0.6805635462154266
2023-02-19,0.6806213127573526,0.6864705718240781,0.9811387575460867
2023-02-20,0.9812037048146207,0.6808995553139467,1.2817139688767472
2023-02-21,1.281786096871889,0.9815125360178658,-0.32460138460386034
2023-02-22,-0.32456763140133166,1.282125516721785,0.05072149002875778
2023-02-23,0.050764209675793016,-0.3243916814947491,0.42604436466137563
2023-02-24,0.42609605075291745,0.05097835507674568,0.8013672392939934
2023-02-25,0.8014278918300419,0.42634839164824023,0.7222110368889555
2023-02-26,0.7222697983873289,0.8017184282197347,0.6430548344839175
2023-02-27,0.6431117049446159,0.72255227928537,0.5638986320788796
2023-02-28,0.5639536115019029,0.6433861303510052,0.48474242967384157
2023-03-01,0.48479551805918997,0.5642199814166405,0.40558622726880333
2023-03-02,0.4056374246164768,0.4850538324822758,0.3264300248637654
2023-03-03,0.3264793311737638,0.4058876835479108,0.24727382245872737
2023-03-04,0.24732123773105083,0.3267215346135461,0.27367524280470773
2023-03-05,0.27372328880562896,0.24755538567918134,0.30007666315068815
2023-03-06,0.3001253398802071,0.27396012354790483,0.3264780834966685
2023-03-07,0.3265273909547853,0.3003648614166284,1.3149878217544644
2023-03-08,1.3150607446602698,0.3267695992853519,0.8831128322306272
2023-03-09,0.8831754376647596,1.3154035506913613,0.4512378427067897
2023-03-10,0.4512901306692488,0.883474293060689,0.0193628531829524
2023-03-11,0.01940482367373822,0.4515450354300162,0.03509358943367387
2023-03-12,0.03513593573095371,0.019615777799343575,0.05082432568439534
2023-03-13,0.050867047788169195,0.035348490726872364,0.07408843674467891
2023-03-14,0.07413171462689025,0.05108120365440115,0.09735254780496247
2023-03-15,0.0973963814656113,0.0743482380126183,0.1206166588652458
2023-03-16,0.12066104830433211,0.09761527237083548,0.14388076992552934
2023-03-17,0.14392571514305316,0.12088230672905238,0.16714488098581293
2023-03-18,0.16719038198177422,0.14414934108726954,0.1904089920460965
2023-03-19,0.19045504882049527,0.1674163754454867,0.21367310310638005
2023-03-20,0.21371971565921632,0.19068340980370388,0.23693721416666336
2023-03-21,0.23698438249793713,0.21395044416192105,0.26020132522694694
2023-03-22,0.26024904933665816,0.23721747852013794,0.2834654362872305
2023-03-23,0.28351371617537924,0.2604845128783551,0.3019118294877104
2023-03-24,0.3019605500592604,0.28375154723657225,0.3149822454941193
2023-03-25,0.3150312783172472,0.30220025835510994,0.32805266150052803
2023-03-26,0.3281020065752337,0.31527231675051903,0.34112307750693693
2023-03-27,0.34117273483322047,0.3283443751459278,0.3541934935133456
2023-03-28,0.35424346309120697,0.34141643354133683,0.36726390951975457
2023-03-29,0.36731419134919374,0.35448849193674564,0.38033432552616325
2023-03-30,0.38038491960718024,0.3675605503321547,0.39340474153257216
2023-03-31,0.393455647865167,0.3806326087275635,0.40647515753898084
2023-04-01,0.4065263761231535,0.39370466712297253,0.4195455735453898
2023-04-02,0.4195971043811403,0.40677672551838134,0.4326159895517985
2023-04-03,0.4326678326391268,0.4198487839137904,0.44568640555820743
2023-04-04,0.44573856089711356,0.4329208423091992,0.4587568215646161
2023-04-05,0.45880928915510005,0.44599290070460823,0.471827237571025
2023-04-06,0.4718800174130868,0.459064959100017,0.4848976535774337
2023-04-07,0.4849507456710733,0.4721370174954261,0.49796806958384265
2023-04-08,0.4980214739290601,0.48520907589083484,0.5110384855902513
2023-04-09,0.5110922021870467,0.4982811342862439,0.5241089015966602
2023-04-10,0.5241629304450334,0.5113531926816527,0.6891238394510559
2023-04-11,0.6891818104979548,0.5244252510770617,0.8541387773054514
2023-04-12,0.8542006905508759,0.6894609242101704,1.1287361256818045
2023-04-13,1.1288045990440039,0.8544965973432787,1.0001598301085117
2023-04-14,1.000225231789508,1.12912845079309,0.8715835345352191
2023-04-15,0.8716458645350121,1.0005359987108216,0.7430072389619262
2023-04-16,0.7430664972805161,0.8719435466285532,-0.3319723814275682
2023-04-17,-0.3319388043177811,0.7433510945462845,-0.41534506628042717
2023-04-18,-0.41531348093986764,-0.33176360453565595,-0.4987177511332861
2023-04-19,-0.49868815756195417,-0.41514676574829146,-0.5820904359861451
2023-04-20,-0.5820628341840407,-0.49852992696092696,-0.8100950916694935
2023-04-21,-0.8100729368870904,-0.5819130881735625,-1.038099747352842
2023-04-22,-1.03808303959014,-0.8099463942333247,-1.26610440303619
2023-04-23,-1.2660931422931894,-1.0379797002930868,-0.9976555211875624
2023-04-24,-0.9976378472143413,-1.266013006352849,-0.9286845845376398
2023-04-25,-0.9286652628522278,-0.9975303920284971,-1.2013595561137602
2023-04-26,-1.2013467486196385,-0.9285507886989809,-0.971332799814602
2023-04-27,-0.9713144969928975,-1.201260023788497,-0.7413060435154437
2023-04-28,-0.7412822453661566,-0.9712043630218687,-0.5112792872162855
2023-04-29,-0.5112499937394157,-0.7411487022552404,-0.28125253091712726
2023-04-30,-0.2812177421126748,-0.5110930414886121,-0.05122577461796904
2023-05-01,-0.05118549048593391,-0.2810373807219839,-0.2078702026322106
2023-05-02,-0.2078336607276441,-0.05098171995535565,-0.3645146306464524
2023-05-03,-0.3644818309693545,-0.20764583143532417,-0.5211590586606939
2023-05-04,-0.5211300012110647,-0.36430994291529295,-0.5901990255654725
2023-05-05,-0.5901716174771634,-0.5209740543952615,-0.6592389924702512
2023-05-06,-0.6592132337432622,-0.5900226966537668,-0.6651112707412913
2023-05-07,-0.6650856523027334,-0.6590713389122724,-0.6709835490123315
2023-05-08,-0.6709580708622048,-0.6649443550760645,-0.34156601798311453
2023-05-09,-0.3415326700648199,-0.6708173712398569,-0.41745305403053523
2023-05-10,-0.41742151904969654,-0.34135844659859715,-0.4933400900779561
2023-05-11,-0.49331036803457334,-0.41725501838177365,-0.569227126125377
2023-05-12,-0.5691992170194501,-0.4931515901649503,-0.6451141621727977
2023-05-13,-0.6450880660043268,-0.5690481619481269,0.5011989254558363
2023-05-14,0.5012524069860373,-0.6449447337313035,-0.14176999197857906
2023-05-15,-0.14173187094332068,0.5015123961378287,-0.7847389094129946
2023-05-16,-0.7847161488726788,-0.14153731482885767,0.4476952857317589
2023-05-17,0.44774748906271084,-0.7845870257955442,1.6801294808765121
2023-05-18,1.6802111269981004,0.44800203330797506,-0.3514067514736567
2023-05-19,-0.35137363864998783,1.6805910924114942,0.017796299704517436
2023-05-20,0.017838232770419828,-0.3512004166459888,-0.07644863783680673
2023-05-21,-0.07640895627769917,0.018049027472529813,-0.5947607749072024
2023-05-22,-0.5947334757988545,-0.07620775260300737,-0.1947974611540767
2023-05-23,-0.19476060694237698,-0.5945850192111416,-0.5062947305518859
2023-05-24,-0.5062653179942094,-0.19457144727597842,-1.377858767418199
2023-05-25,-1.3778501764813154,-0.5061078584798765,0.23435765663983102
2023-05-26,0.2344047633456058,-1.3777814134507658,-0.9316260279459897
2023-05-27,-0.9316067765315121,0.23463759685389754,-0.19605039016293915
2023-05-28,-0.19601356588365013,-0.9314926017202257,0.5839193964234846
2023-05-29,0.5839748541415564,-0.19582453372411604,-0.11932890234970304
2023-05-30,-0.11929024519794758,0.5842432615100265,-0.2329001447167161
2023-05-31,-0.232864200776201,-0.11909340532043544,-0.6068012501067331
2023-06-01,-0.6067742386447293,-0.2326789187067566,-0.6326452735571721
2023-06-02,-0.6326188795075824,-0.6066270073804214,-0.8214695606293214
2023-06-03,-0.8214476775824069,-0.6324742783127931,-1.0102938477014707
2023-06-04,-1.010276475657231,-0.821322292474569,-0.19252626117802107
2023-06-05,-0.1924893527074687,-1.0101703066363448,-0.51122643424648
2023-06-06,-0.5111971395069554,-0.19229996190779328,-0.3067444754141387
2023-06-07,-0.3067102956109519,-0.511040181877462,-0.8702568986959407
2023-06-08,-0.8702361811760669,-0.30653252845975004,-0.09168919577619325
2023-06-09,-0.09164987831324461,-0.8701157610107422,-0.17075393949709586
2023-06-10,-0.17071651088687886,-0.09145022562487504,0.08336435856392818
2023-06-11,0.08340785804744298,-0.17052490438268236,-0.5715162560377587
2023-06-12,-0.5714884016190297,0.08362532541618826,-1.1225866856084246
2023-06-13,-1.1225719962344076,-0.5713375795056598,0.2400774557440301
2023-06-14,0.24012469909551645,-1.1224772549221633,-0.0688278545876543
2023-06-15,-0.06878799096842006,0.24035811469077717,-0.4145812385415856
2023-06-16,-0.41454963495322,-0.06858601174924811,-0.6022254556482146
2023-06-17,-0.6021983348707124,-0.41438284202916315,-0.24760676409392143
2023-06-18,-0.2475711714938,-0.602050637941391,-1.1840352482118022
2023-06-19,-1.18402202684084,-0.247387386073336,0.026702846158429633
2023-06-20,0.026744992001276682,-1.1839335389663306,-0.6668160341455744
2023-06-21,-0.6667904564337283,0.026956693096169868,0.7530596951172536
2023-06-22,0.753119193588513,-0.6666493326957684,-0.5306201631035624
2023-06-23,-0.5305913316792402,0.7534048138628919,-1.1171189888797786
2023-06-24,-1.1171041688827632,-0.5304363476919398,-0.07236266682629992
2023-06-25,-0.07232288765355142,-1.11700887113926,-0.1692987383940533
2023-06-26,-0.1692612750191555,-0.07212126816172382,3.536765796028455
2023-06-27,3.5368917970977796,-0.16906952042346418,-0.12624709357310568
2023-06-28,-0.1262086016965889,3.5374607068753883,-0.6295010724522001
2023-06-29,-0.6294746032878048,-0.1260124658628529,-0.2834140796204992
2023-06-30,-0.283379342455336,-0.6293296821170062,-1.069123687073353
2023-07-01,-1.0691077204710029,-0.2831992010390376,-0.3420462040903511
2023-07-02,-0.3420128676436783,-1.0690075383881648,-0.46805887985799016
2023-07-03,-0.468028553847773,-0.3418386930445697,1.2930479859080084
2023-07-04,1.2931203846722443,-0.46786720318446245,3.054154851674007
2023-07-05,3.054269323192261,1.2934609579513956,-0.4378496639927976
2023-07-06,-0.4378186162859401,3.0547891190872534,-0.15974585508961503
2023-07-07,-0.15970816349681788,-0.4376541913204421,-0.37479015264156074
2023-07-08,-0.374757598446164,-0.1595154367325615,-0.5898344501935063
2023-07-09,-0.58980703339551,-0.3745867561014611,-0.8048787477454519
2023-07-10,-0.8048564683448559,-0.5896580754703605,-0.308239047669031
2023-07-11,-0.3082049035710999,-0.8047293948392599,-0.10342150019511728
2023-07-12,-0.10338246301632828,-0.30802728851807804,5.031974828873891
2023-07-13,5.032136550411445,-0.10318400428973845,-0.5179996171098444
2023-07-14,-0.5179704841813162,5.032857623172063,-0.11844682419052109
2023-07-15,-0.11840814596596298,-0.5178142158385288,-0.6376435047863432
2023-07-16,-0.637617230144245,-0.11821121632197606,-0.30843119681999354
2023-07-17,-0.30839705731249595,-0.6374731376046048,-0.9693070965267251
2023-07-18,-0.9692887453110715,-0.30821946181392257,-0.6133342465313945
2023-07-19,-0.613307391142345,-0.9691784051902347,-0.46493152542235777
2023-07-20,-0.46490112469980116,-0.6131608247216824,-0.6522973429134883
2023-07-21,-0.6522714183508422,-0.4647394557749169,1.1462749652719055
2023-07-22,1.1463438576360963,-0.6521288170887913,-0.188142354392227
2023-07-23,-0.1881053411903631,1.1466694942608033,0.16688357084087532
2023-07-24,0.16692906559415047,-0.18791550425351278,-0.5252521642916972
2023-07-25,-0.5252232046261546,0.16715503246510552,-0.9782399775746163
2023-07-26,-0.9782218397650395,-0.5250676743535563,0.2004682092815803
2023-07-27,0.20051450637017046,-0.9781124087169794,-0.4564951168405327
2023-07-28,-0.4564645145726014,0.20074389105004467,-1.0792824901635156
2023-07-29,-1.079266766254458,-0.456301987099469,-0.11340477667945272
2023-07-30,-0.11336597800063439,-1.079167618002842,-0.7003373574986275
2023-07-31,-0.700312580609502,-0.11316853524244543,-0.8070565999905088
2023-08-01,-0.807034372618693,-0.7001748682370729,-0.9695462370524759
2023-08-02,-0.9695278915498775,-0.8069075207466525,-0.551625980006542
2023-08-03,-0.5515976504101239,-0.9694175757656618,-0.619028943724737
2023-08-04,-0.6190022243817157,-0.5514448041224296,-0.5765480311894733
2023-08-05,-0.5765202969795984,-0.6188562374934752,-0.5028128863334707
2023-08-06,-0.5027833905947117,-0.576369986935043,-0.5699992153314075
2023-08-07,-0.5699713246706528,-0.5026255767434327,-0.6371855443293445
2023-08-08,-0.637159258746594,-0.5698203481725553,-0.9532593552663527
2023-08-09,-0.9532406206709715,-0.6370151196016781,-0.5018077266322162
2023-08-10,-0.5017782068802428,-0.9531286474191629,-0.6797474777643823
2023-08-11,-0.6797222089840704,-0.5016202907368459,0.1719990563828131
2023-08-12,0.1720446733447793,-0.6795824012407258,-0.9588017974170584
2023-08-13,-0.9587831952303401,0.1722711608035067,-0.7816854039026058
2023-08-14,-0.7816625704141976,-0.95867178601641,-0.6018565845623367
2023-08-15,-0.6018294549725229,-0.7815331365908751,-0.4946444182376204
2023-08-16,-0.49461472735457146,-0.6016817205042865,-1.2401053715508077
2023-08-17,-1.2400934896922586,-0.49445608222255183,-0.5939248289800265
2023-08-18,-0.5938975099009727,-1.240010707907692,-0.8331928440490314
2023-08-19,-0.8331712410707652,-0.5937489682415252,-0.14806099029388747
2023-08-20,-0.1480230195502609,-0.8330470490066667,-1.0261032141937894
2023-08-21,-1.0260862198345164,-0.14782910365201432,-0.9567810935930938
2023-08-22,-0.9567624431318632,-1.0259816596859095,-0.6770403562113956
2023-08-23,-0.6770150227580868,-0.9566508282769058,-0.7621762510804232
2023-08-24,-0.7621529515193401,-0.6768749395190208,-1.0297174971397975
2023-08-25,-1.0297005891255615,-0.7620215323074704,-0.5797299972228326
2023-08-26,-0.5797023390299655,-1.0295963967917967,-1.3506241356433675
2023-08-27,-1.3506148940725071,-0.5795523528046439,-0.48221023151959297
2023-08-28,-0.4821802435844518,-1.3505433594543592,-1.222811107498406
2023-08-29,-1.2227988124807627,-0.4820203330621752,-0.18388399451475052
2023-08-30,-0.18384687958088433,-1.2227142707103018,-1.2638292472679327
2023-08-31,-1.2638179321715755,-0.18365660928339517,-0.6935952905455959
2023-09-01,-0.6935703525888316,-1.263737564695389,-0.5674117947804154
2023-09-02,-0.5673838423063144,-0.6934319540962703,-0.49347165098574974
2023-09-03,-0.4934419320853504,-0.5672326024941112,-0.37482642340858713
2023-09-04,-0.3747938700796972,-0.4932831676042903,-0.5285316617078643
2023-09-05,-0.5285027803893493,-0.37462303142616254,-0.7915788065811062
2023-09-06,-0.7915562094455881,-0.528347583861464,-0.8567338418864358
2023-09-07,-0.8567128013014182,-0.7914277824444761,3.2377041701559994
2023-09-08,3.237823026658196,-0.8565910049347609,-0.9628759645528172
2023-09-09,-0.9628574596977458,3.238361501822251,0.026824358831073713
2023-09-10,0.02686650757685237,-0.9627464650997063,-0.8695042522646137
2023-09-11,-0.8694835167640547,0.0270782210377294,-0.8988895502015827
2023-09-12,-0.8988695167143064,-0.8693630200041378,-0.9282748481385517
2023-09-13,-0.9282555166645579,-0.8987520104088962,-0.8096317497413279
2023-09-14,-0.8096095838897094,-0.9281410008136544,-0.5792503153950553
2023-09-15,-0.5792226457426136,-0.8094829940830117,-0.3488688810487828
2023-09-16,-0.34883570759551774,-0.579072610701497,-0.9445597501608722
2023-09-17,-0.9445408077323647,-0.34866222731998214,-0.6397224809033681
2023-09-18,-0.6396962559279042,-0.9444279491475794,-0.43308362543905105
2023-09-19,-0.4330524638717734,-0.6395523749594896,-0.4104019945081485
2023-09-20,-0.4103702910778542,-0.4328875538806852,0.16999478833381407
2023-09-21,0.17004035741391788,-0.410203072844543,-0.36475349724262046
2023-09-22,-0.3647207032720335,0.17026664090423793,0.35242143132354786
2023-09-23,0.352471358566933,-0.364548839526716,-0.30557988869571695
2023-09-24,-0.30554568107061236,0.3527162070749651,-0.8869932989273759
2023-09-25,-0.8869729812392577,-0.3053677954028786,-0.3771767765827161
2023-09-26,-0.3771442794036447,-0.8868542642876832,-1.060803113351002
2023-09-27,-1.0607869479705663,-0.3769736799385728,-0.7453032471466028
2023-09-28,-0.7452795444903085,-1.0606859191276496,-0.6730452302116083
2023-09-29,-0.6730198013149413,-0.7451464081629355,-0.9416323892233452
2023-09-30,-0.9416133768603329,-0.6728793115037666,-0.43094413578692514
2023-10-01,-0.4309129231073478,-0.9415002203667182,-0.4184278822561713
2023-10-02,-0.41839637056392964,-0.43074779538675134,-0.45239181355824387
2023-10-03,-0.45236111326260453,-0.4182299691013804,0.5961256114719309
2023-10-04,0.5961813607958633,-0.4521981682084826,-0.986017087456113
2023-10-05,-0.9859991354412982,0.5964510103545905,-1.3036678101451882
2023-10-06,-1.3036574467900848,-0.9858904958466154,-0.9961937084204996
2023-10-07,-0.9961759995246453,-1.3035811335661354,-1.2415741396390039
2023-10-08,-1.2415622928692498,-0.9960683955744569,-0.9093224571933322
2023-10-09,-0.9093026729476765,-1.24147966055685,-1.3155536657917293
2023-10-10,-1.3155435863891165,-0.9091862283682287,-0.164063458465036
2023-10-11,-0.1640258700195653,-1.3154684827533993,-0.11228800312456763
2023-10-12,-0.1122491777660855,-0.16383358264498263,-0.7267412805648867
2023-10-13,-0.7267171344641489,-0.11205162135716831,-0.7548482487498644
2023-10-14,-0.7548247741231761,-0.7265821091405595,-0.6273884029964955
2023-10-15,-0.6273618833605337,-0.7546926091622708,-0.6824251830155837
2023-10-16,-0.6823999782055151,-0.6272167471896385,-0.737461963034672
2023-10-17,-0.7374380730504966,-0.682260442964282,-0.3095701213170484
2023-10-18,-0.30953600901839945,-0.7373041387389254,-0.6732024159867349
2023-10-19,-0.6731769908452281,-0.3093585294247899,-0.3163612341167392
2023-10-20,-0.3163272840574319,-0.6730365170303828,-0.5556057534983498
2023-10-21,-0.5555775189785194,-0.3161504955752047,-0.2729686590273554
2023-10-22,-0.2729336723216222,-0.5554250777005547,-0.1532224212976611
2023-10-23,-0.15318457386036036,-0.2727524679058893,-0.22454722240090996
2023-10-24,-0.2245110789095029,-0.15299118322561933,-0.2958720235041588
2023-10-25,-0.29583758395864546,-0.22432494678795975,-1.2633946106697715
2023-10-26,-1.2633832851899682,-0.29565871035030017,-0.21814335887183134
2023-10-27,-0.21810706239244823,-1.2633028734821057,-0.17920805389104322
2023-10-28,-0.17917082724919184,-0.21792027856873103,-0.44145996873418336
2023-10-29,-0.44142900727732365,-0.17898008109511138,-0.39349802408013124
2023-10-30,-0.39346591681483767,-0.4412649497218178,0.043646262446364444
2023-10-31,0.04368881306657031,-0.39329697831465504,-0.5671409033257534
2023-11-01,-0.5671129443800693,0.04390223844262294,-1.1779280690978713
2023-11-02,-1.1779147018267093,-0.5669616770000473,-0.22800852190061796
2023-11-03,-0.22797246109948102,-1.1778255924427177,-0.2725595576468456
2023-11-04,-0.2725245611677011,-0.22778668122410908,-0.31711059339307296
2023-11-05,-0.3170766612359208,-0.2723433151189356,-0.36166162913930044
2023-11-06,-0.36162876130414073,-0.31689994901376184,-1.2274796893774127
2023-11-07,-1.2274675058919546,-0.36145658290858823,-0.22369170295991117
2023-11-08,-0.2236555390301879,-1.2273834392292076,0.509160228079051
2023-11-09,0.5092138998043693,-0.22346931984497184,1.4664042663276662
2023-11-10,1.4664808065646802,0.5094746991542862,1.6730780353624408
2023-11-12,1.6731595130253518,1.4668390217976806,2.08642557343199
2023-11-13,2.0865169259466954,1.6735387608340762,2.293099342466764
2023-11-14,2.2931956324073672,2.0869382389068676,2.4997731115015394
2023-11-15,2.499874338868039,2.293637977943263,2.7064468805363133
2023-11-16,2.706553045328711,2.500337716979659,2.4249674249334148
2023-11-17,2.4250668651958427,2.7070374560160544,1.1865446684097387
2023-11-18,1.1866145228151022,2.425522630554888,5.031974828873891
2023-11-19,5.032136550411445,1.1869442575679103,-0.07110196817836294
2023-11-20,-0.07106215888758745,5.032857623172063,-0.10600049741143941
2023-11-21,-0.10596152184476357,-0.07086041109820229,-0.9489723821988222
2023-11-22,-0.9489535451878711,-0.1057633255750617,-0.7359647386433649
2023-11-23,-0.7359408128905743,-0.9488411356635443,-0.42109287779729987
2023-11-24,-0.421061429771667,-0.7358067262109231,-0.10622101695123483
2023-11-25,-0.10618204665275964,-0.4208952995177998,0.20865084389482993
2023-11-26,0.20869733646614747,-0.10598387282467647,0.5235227047408949
2023-11-27,0.5235767195850548,0.2089275538684466,0.7189349920527894
2023-11-28,0.7189936752866173,0.52383898056157,0.4959958895289792
2023-11-29,0.4960492467589149,0.7192758227913042,0.27305678700516894
2023-11-30,0.2731048182312124,0.49630870641319114,0.05011768448135871
2023-12-01,0.05016038970350994,0.27334159003507813,-0.17282141804245155
2023-12-02,-0.17278403882419252,0.05037447365696514,-0.3957605205662618
2023-12-03,-0.395728467351895,-0.17259264272114788,-0.4116177064477894
2023-12-04,-0.41158603206079186,-0.3955597590992609,-0.42747489232931696
2023-12-05,-0.42744359676968874,-0.4114189375468745,-0.4433320782108445
2023-12-06,-0.4433011614785856,-0.42727811599448806,2.3296378009524226
2023-12-07,2.3297349637949516,-0.44313729444210165,5.031974828873891
2023-12-08,5.032136550411445,2.3301810277412605,4.146426121333521
2023-12-09,4.146566687157206,5.032857623172063,3.190244562551354
2023-12-10,3.1903622852459232,4.147197640255636,2.2340630037691858
2023-12-11,2.2341578833346407,3.190895930586651,1.2778814449870184
2023-12-12,1.2779534814233582,2.2345942209176655,1.2920513242494915
2023-12-13,1.292123699203531,1.2782925112486794,1.5128061944592355
2023-12-14,1.5128838432359673,1.292464171055385,1.7335610646689792
2023-12-15,1.7336439872684037,1.5132467806553958,1.9543159348787225
2023-12-16,1.9544041313008396,1.7340293902554065,2.175070805088466
2023-12-17,2.175164275333276,1.9548119998554168,2.39582567529821
2023-12-18,2.3959244193657123,2.1755946094554273,2.9918787664781235
2023-12-19,2.9919917502238498,2.396377219055438,5.031974828873891
2023-12-20,5.032136550411445,2.99250520846659,5.031974828873891
2023-12-21,5.032136550411445,5.032857623172063,3.076038152189984
2023-12-22,3.0761531464991823,5.032857623172063,1.5656760482882148
2023-12-23,1.565754960123083,3.0766751693926815,0.05531394438644611
2023-12-24,0.05535677374698385,1.5661232779505299,-0.29566059967164543
2023-12-25,-0.2956261550752273,0.05557138650837847,-0.03037654582557188
2023-12-26,-0.030335763606514597,-0.29544725995090654,0.23490750802050164
2023-12-27,0.23495462786219815,-0.030129871311837246,0.2745980617636532
2023-12-28,0.2746461298106727,0.23518751732723203,0.3142886155068045
2023-12-29,0.31433763175914703,0.2748830584654936,0.35397916924995604
2023-12-30,0.35402913370762157,0.3145785996037549,-0.24344802742515756
2023-12-31,-0.2434123354730273,0.3542741407420164,-0.5206448430284717
2024-01-02,-0.5206157732942569,-0.24322812683028253,-0.08088639419803405
2024-01-03,-0.08084681865670168,-0.5204597741482558,0.1389928302171848
2024-01-04,0.139037658662076,-0.08064606659929612,0.3588720546324037
2024-01-05,0.3589221359808537,0.1392607871751838,0.5787512790476226
2024-01-06,0.5788066132996313,0.35916764094966375,0.5180985348003826
2024-01-07,0.5181524200613967,0.5790744947241436,0.4574457905531425
2024-01-08,0.4574982268231618,0.518414129036245,0.39679304630590256
2024-01-09,0.3968440335849272,0.45775376334834605,0.3361403020586627
2024-01-10,0.3361898403466926,0.3970933976604474,0.7509923361048069
2024-01-11,0.751051785186964,0.33643303197254876,0.6999405778193053
2024-01-12,0.699998807277537,0.7513371950723556,0.6786153465714813
2024-01-13,0.6786730665710162,0.7002790217770943,0.5295875596590648
2024-01-14,0.5296417193923021,0.6789511108651181,0.3805597727466484
2024-01-15,0.38061037221358807,0.5299045975710918,0.23153198583423196
2024-01-16,0.23157902503487401,0.38085808427706547,0.08250419892181553
2024-01-17,0.08254767785615996,0.23181157098303914,-0.06652358799060089
2024-01-18,-0.0664836693225541,0.08276505768901284,-0.21555137490301732
2024-01-19,-0.21551501650126817,-0.06628145560501347,-0.3645791618154337
2024-01-20,-0.3645463636799822,-0.21532796889903977,-0.5136069487278502
2024-01-21,-0.5135777108586963,-0.36437448219306606,-0.6626347356402666
2024-01-22,-0.6626090580374104,-0.5134209954870924,-0.10742466665072593
2024-01-23,-0.10738572510738124,-0.6624675087811188,0.447785402338815
2024-01-24,0.44783760782264814,-0.10718767377115355,1.0029954713283558
2024-01-25,1.0030609407526774,0.44809216123881185,1.5582055403178967
2024-01-26,1.5582842736827067,1.0033719962487773,1.127906168851415
2024-01-27,1.1279746223859874,1.5586518312587425,0.6976067973849337
2024-01-28,0.6976649710892688,1.128298389672832,0.26730742591845186
2024-01-29,0.2673553197925495,0.6979449480869218,-0.16299194554802965
2024-01-30,-0.16295433150416952,0.2675915065010111,-0.5932913170145112
2024-01-31,-0.5932639828008885,-0.1627619350848993,-1.023590688480993
2024-02-01,-1.023573634097608,-0.5931153766708097,-0.6577440840290529
2024-02-02,-0.6577182895887769,-1.0234688182567204,0.11496308223767912
2024-02-03,0.11500733661310553,-0.6575762426253944,0.8876702485044109
2024-02-04,0.8877329628149877,0.11522801969012163,1.6603774147711432
2024-02-05,1.6604585890168704,0.8880322820056373,1.862681259880189
2024-02-06,1.8627672671545517,1.6608365443211535,2.064985104989235
2024-02-07,2.065075945292233,1.8631658103203779,1.1963937193985208
2024-02-08,1.1964638090972146,2.065495076319603,0.32780233380780605
2024-02-09,0.3278516729021958,1.1967945461586935,-0.5407890517829084
2024-02-10,-0.5407604632928227,0.32809401599778404,-0.33537060241517314
2024-02-11,-0.3353371064887137,-0.5406065141631251,-0.12995215304743762
2024-02-12,-0.12991374968460442,-0.3351622525334469,0.07546629632029764
2024-02-13,0.07550960711950461,-0.12971799090376837,1.0849919370702563
2024-02-14,1.0850593653860006,0.0757262707259099,0.5354673668431823
2024-02-15,0.5355216670447162,1.0853787654189173,-0.014057203383891525
2024-02-16,-0.014016031296568076,0.5357851435940219,1.4259528358143598
2024-02-17,1.4260284096687432,-0.01380847823087333,1.2055037550655547
2024-02-18,1.2055740624025402,1.4263825082797872,0.9850546743167496
2024-02-19,0.9851197151363373,1.2059057265652953,0.7646055935679447
2024-02-20,0.7646653678701345,0.9854289448508033,0.5441565128191393
2024-02-21,0.5442110206039313,0.7649521631363114,5.031974828873891
2024-02-22,5.032136550411445,0.5444753814218193,3.15790437375379
2024-02-23,3.158021323842884,5.032857623172063,2.7337247572593566
2024-02-24,2.7338315737188497,3.158551678018637,2.309545140764923
2024-02-25,2.309641823594816,2.7343187603947015,1.8853655242704903
2024-02-26,1.8854520734707827,2.3100858427707665,1.4611859077760567
2024-02-27,1.4612623233467485,1.8858529251468314,1.16623051747756
2024-02-28,1.1662998865788845,1.461620007522896,0.8712751271790634
2024-02-29,0.8713374498110203,1.1666275540208784,0.5763197368805664
2024-03-01,0.5763750130431557,0.8716351005188606,0.28136434658206977
2024-03-02,0.2814125762752916,0.5766426470168425,0.6078929539747591
2024-03-03,0.6079489844199091,0.2816501935148249,0.9344215613674484
2024-03-04,0.9344853925645267,0.6082198315061379,0.5313992759636232
2024-03-05,0.5314534789786716,0.9347894694974508,0.1283769905597982
2024-03-06,0.12842156539281652,0.5317165415304493,-0.27464529484402683
2024-03-07,-0.27461034819303853,0.1286436135634478,0.13473310318206363
2024-03-08,0.13477782986229125,-0.2744293144035537,0.5441115012081539
2024-03-09,0.5441660079176208,0.13500052487562864,0.5605378256032474
2024-03-10,0.5605927247367739,0.5444303641548107,0.5769641499983411
2024-03-11,0.5770194415559273,0.560858752632217,0.5933904743934346
2024-03-12,0.5934461583750804,0.5772871411096234,0.6098167987885283
2024-03-13,0.6098728751942338,0.5937155295870296,0.6262431231836219
2024-03-14,0.6262995920133869,0.610143918064436,0.6426694475787154
2024-03-15,0.64272630883254,0.6265723065418423,0.6590957719738091
2024-03-16,0.6591530256516934,0.6430006950192485,0.6755220963689026
2024-03-17,0.6755797424708465,0.659429083496655,0.6919484207639963
2024-03-18,0.6920064592899999,0.6758574719740612,0.7083747451590898
2024-03-19,0.708433176109153,0.6922858604514677,-0.33428149574814686
2024-03-20,-0.3342479738029842,0.7087142489288738,0.3545716789374694
2024-03-21,0.3546216575501614,-0.33407300901256615,0.17634706594192062
2024-03-22,0.17639278677761544,0.3548667248825076,0.1626475486757384
2024-03-24,0.1626929422306581,0.17661971672036358,-0.8099096637543842
2024-03-25,-0.8098875045421174,0.16291847801421697,-0.7731175651521061
2024-03-26,-0.7730945269784631,-0.8097609430179036,-0.7363254665498279
2024-03-27,-0.7363015494148089,-0.7729642212316346,0.8372467228142845
2024-03-28,0.8373082325093808,-0.7361674994453655,0.1977797087145491
2024-03-29,0.1978259415749966,0.8376024202475617,-0.44168730538518625
2024-03-30,-0.44165634935938763,0.19805505265415205,-0.5703614187222142
2024-03-31,-0.5703335367144802,-0.44149231493925767,-0.2166252909295451
2024-04-01,-0.21658895818359555,-0.5701825970767461,-0.6030018492840982
2024-04-02,-0.6029747470546006,-0.216402019870612,-0.989378407638651
2024-04-03,-0.9893605359256056,-0.6028271291365539,-1.375754965993204
2024-04-04,-1.3757463247966104,-0.9892522384024957,5.023244925911431
2024-04-05,5.023406438892044,-1.3756773476684374,4.527192138643095
2024-04-06,4.527341800947689,5.024126623236363,4.031139351374756
2024-04-07,4.031277163003334,4.528011503472956,3.53508656410642
2024-04-08,3.535212525058979,4.031896383709548,3.039033776838083
2024-04-09,3.0391478871146242,3.5357812639461415,2.5429809895697457
2024-04-10,2.543083249170269,3.0396661441827346,2.046928202301409
2024-04-11,2.047018611225914,2.5435510244193273,1.550875415033072
2024-04-12,1.5509539732815594,2.0474359046559196,1.0548226277647348
2024-04-13,1.0548893353372044,1.551320784892513,0.558769840496398
2024-04-14,0.5588246973928497,1.0552056651291055,0.0627170532280608
2024-04-15,0.06276005944849462,0.5590905453656987,-0.4333357340402759
2024-04-16,-0.43330457849585996,0.06297542560229134,-0.9293885213086138
2024-04-17,-0.9293692164402159,-0.43313969416111553,-0.7625115222127066
2024-04-18,-0.762488230661234,-0.9292548139245236,-0.5956345231167993
2024-04-19,-0.595607244882252,-0.7623568455689117,-1.2200414739694987
2024-04-20,-1.2200291127854503,-0.5954588772132997,-1.377858767418199
2024-04-21,-1.3778501764813154,-1.21994428915761,-1.377858767418199
2024-04-22,-1.3778501764813154,-1.3777814134507658,-1.377858767418199
2024-04-23,-1.3778501764813154,-1.3777814134507658,-1.377858767418199
2024-04-24,-1.3778501764813154,-1.3777814134507658,-1.272508221740428
2024-04-25,-1.2724971139843322,-1.3777814134507658,-1.1295231709699853
2024-04-26,-1.1295086473082532,-1.272417629741604,-0.9865381201995428
2024-04-27,-0.986520180632174,-1.1294146119015251,-0.8435530694291002
2024-04-28,-0.8435317139560948,-0.9864115940614461,-0.7005680186586575
2024-04-29,-0.7005432472800155,-0.8434085762213669,-0.19027478413192445
2024-04-30,-0.19023782187369923,-0.7004055583812877,-0.8062390696021015
2024-05-01,-0.806216822699526,-0.19004820194789093,-0.17405902442656196
2024-05-02,-0.1740216747746569,-0.8060898876298456,0.44901448079696027
2024-05-03,0.44906671564341566,-0.1738304046191387,0.18350865605095182
2024-05-04,0.18355454797667242,0.44932139413924416,0.01719116435350755
2024-05-05,0.01723308296275699,0.18378220673317844,-0.06907625891384059
2024-05-06,-0.06903640122897314,0.01744381608203935,-0.18103451673814058
2024-05-07,-0.1809973337303943,-0.0688344472891718,-0.6792769663519551
2024-05-08,-0.6792516863311495,-0.1808067734500138,-0.5171664540582025
2024-05-09,-0.5171373012254511,-0.6791118307052556,-0.35505594176444993
2024-05-10,-0.35502291611975273,-0.5169809480941342,-0.7590493822472331
2024-05-11,-0.7590260079854116,-0.35485006548301273,0.38438759417853974
2024-05-12,0.38443828509194,-0.7588942705613865,-1.0141155015673018
2024-05-13,-1.01409822082218,0.3846863867014372,-0.8716755862307357
2024-05-14,-0.8716549026032354,-1.0139924407196585,-0.7292356708941696
2024-05-15,-0.7292115843842907,-0.8715346268135281,-0.5703731105348603
2024-05-16,-0.570345228806443,-0.7290768129073978,-1.2419589347495814
2024-05-17,-1.2419470971725632,-0.5701942903585501,-0.7228233279993702
2024-05-18,-0.7227990882989436,-1.2418645040196192,-0.9880659188676894
2024-05-19,-0.9880480157993535,-0.7226636642569566,-0.6039083295885661
2024-05-20,-0.6038812490148373,-0.987939584708159,-0.8050834104978087
2024-05-21,-0.8050611359865957,-0.6037337233465991,-0.6077448503599344
2024-05-22,-0.6077178614404929,-0.8049340833089201,-0.2712411470163583
2024-05-23,-0.2712061190404505,-0.6075707262035805,-0.6890539365064372
2024-05-24,-0.6890288900569544,-0.2710247388209504,-0.6888084457949041
2024-05-25,-0.6887833934806606,-0.6888900294042789,-0.6885629550833708
2024-05-26,-0.6885378969043667,-0.6886445078451243,-0.8867278238076458
2024-05-27,-0.8867074997773404,-0.6883989862859698,-0.16719185881362064
2024-05-28,-0.16715434510547617,-0.8865887558091513,-0.5962949237611312
2024-05-29,-0.5962676613035219,-0.16696237609890666,-1.0253979887086417
2024-05-30,-1.0253809775015676,-0.596119360841582,-0.2581933829356342
2024-05-31,-0.25815804324930186,-1.0252763455842575,-1.377858767418199
2024-06-01,-1.3778501764813154,-0.2579753351975987,-0.5579556957781048
2024-06-02,-0.5579275173982765,-1.3777814134507658,-0.20992399590463842
2024-06-03,-0.2098875030650894,-0.5577753152669592,0.13810770396882774
2024-06-04,0.1381525112680976,-0.20969988278121177,0.14928477802618326
2024-06-05,0.14932985234518747,0.13837554970453564,-0.31459244589815777
2024-06-06,-0.31455845358258927,0.1495540282392602,-0.6998666219619963
2024-06-07,-0.6998418338270226,-0.31438148509603775,-0.21537295958522698
2024-06-08,-0.21533659692114493,-0.6997040735492359,-1.2248687731390266
2024-06-09,-1.2248565272789116,-0.21514953116211946,-1.1638770503716274
2024-06-10,-1.1638633474223379,-1.2247721949109722,-1.1028853276042283
2024-06-11,-1.1028701675657644,-1.1637728081078973,-1.0418936048368295
2024-06-12,-1.041876987709191,-1.1027734213048224,-1.012117994598459
2024-06-13,-1.012100666132997,-1.0417740345017477,-0.9823423843600888
2024-06-14,-0.9823243445568028,-1.0119946827501232,-0.9525667741217185
2024-06-15,-0.9525480229806087,-0.9822153309984984,-0.9227911638833483
2024-06-16,-0.9227717014044148,-0.9524359792468738,-0.893015553644978
2024-06-17,-0.8929953798282206,-0.9226566274952493,-0.8679374746619745
2024-06-18,-0.8679167017311776,-0.8928772757436247,-0.8428593956789711
2024-06-19,-0.8428380236341347,-0.8677960455249569,-0.2831706807348709
2024-06-20,-0.2831359377549207,-0.8427148153062893,-0.32059889985937245
2024-06-21,-0.32056505103768557,-0.28295577156864044,-0.8132010771074015
2024-06-22,-0.8131789965268335,-0.32038869381011653,-0.4153915596014286
2024-06-23,-0.4153599753715922,-0.8130527699599821,-0.4912545396509449
2024-06-24,-0.49122476778386787,-0.41519326491150316,-0.5315256809190874
2024-06-25,-0.53149687112754,-0.49106577767397125,-0.5717968221872299
2024-06-26,-0.5717689744712121,-0.5313419792920987,-0.2767593837530238
2024-06-27,-0.27672448760751267,-0.5716181809102261,-1.115893776564154
2024-06-28,-1.115878927296878,-0.276543668962578,-0.9365836553401885
2024-06-29,-0.9365645223631789,-1.1157835048671563,-0.7572735341162233
2024-06-30,-0.7572501174294797,-0.93645085207491,1.3967528138860956
2024-07-01,1.396827690153431,-0.7571181992826639,1.1683086157747857
2024-07-02,1.1683780345217736,1.3971788171649573,0.9398644176634756
2024-07-03,0.9399283788901157,1.1687059134456599,0.7114202195521659
2024-07-04,0.7114787232584585,0.9402330097263618,0.48297602144085594
2024-07-05,0.483029067626801,0.7117601060070643,0.254531823329546
2024-07-06,0.25457941199514345,0.48328720228776656,0.026087625218236307
2024-07-07,0.026129756363486186,0.25481429856846877,-0.024690402706018365
2024-07-08,-0.02464948464528933,0.026341394849171286,-0.07546843063027305
2024-07-09,-0.07542872565406485,-0.024443013688712614,-0.9932731085631289
2024-07-10,-0.9932553298942917,-0.07522742222659652,-0.5661716034971515
2024-07-11,-0.5661436213949435,-0.993147428723329,-0.1390700984311739
2024-07-12,-0.1390319128955951,-0.5659922553721562,-0.410426386692359
2024-07-13,-0.4103946838447927,-0.13883708202098358,-0.0942867579474198
2024-07-14,-0.09424750254010016,-0.4102274680938016,-0.022526408807580067
2024-07-15,-0.022485439049146162,-0.09404811419791885,-0.2826630020586007
2024-07-16,-0.28262824695023253,-0.02227874786933673,-1.2547010120929605
2024-07-17,-1.2546894789235263,-0.2824480290990011,-0.17271315858107505
2024-07-18,-0.17267577677650298,-1.254608182493954,-0.561722962170413
2024-07-19,-0.5616948737903885,-0.17248436965621444,-0.2753956626792789
2024-07-20,-0.2753607339545403,-0.5615430550425844,-0.7164313056990739
2024-07-21,-0.7164069132935575,-0.2751797765277617,0.19969087183377082
2024-07-22,0.1997371503518086,-0.7162708387544432,-0.5753815394153168
2024-07-23,-0.5753537773380124,0.1999664559243592,-0.7252832779092931
2024-07-24,-0.7252590969769455,-0.5752033485830532,0.19617186035151254
2024-07-25,0.19621805480054388,-0.7251239232767557,-0.19000396738533057
2024-07-26,-0.18996699865730696,0.1964470022537462,-0.5240713285684797
2024-07-27,-0.5240423406928314,-0.1897773511712826,-0.8266564484072749
2024-07-28,-0.8266346892748473,-0.5238866902500883,-0.48065727490953847
2024-07-29,-0.4806272498743423,-0.8265098320211752,-0.46675843651786325
2024-07-30,-0.46672807944012035,-0.4804671813122832,-0.5743572544486476
2024-07-31,-0.5743294679012272,-0.466566596434553,-0.9438157325114023
2024-08-01,-0.9437967723083507,-0.5741789349078287,-1.0565601620125558
2024-08-02,-1.0565438952682271,-0.9436838380070988,-1.1693045915137092
2024-08-03,-1.1692910182281033,-1.0564424346327528,-1.1458053181322974
2024-08-04,-1.145791183450238,-1.169201031258407,-0.812028832812007
2024-08-05,-0.8120067242265819,-1.1456988050292742,-0.1132979441421758
2024-08-06,-0.11325914291113355,-0.8118803783639098,-0.5521974220188721
2024-08-07,-0.5521691060741748,-0.11306168928091453,-0.5964223196941324
2024-08-08,-0.5963950602800056,-0.5520163179404372,-0.6406472173693928
2024-08-09,-0.6406210144858363,-0.5962467727827714,-0.6516687865831523
2024-08-10,-0.6516428470043273,-0.6404772276251056,-0.908257306913453
2024-08-11,-0.9082374972214109,-0.6515001817759652,-1.1173756484474817
2024-08-13,-1.1173608345820505,-0.9081209442447823,-0.7416253689576876
2024-08-14,-0.7416015784370692,-1.1172655629580293,-1.133735071767658
2024-08-15,-1.1337206487280231,-0.7414680678229549,0.014226524090035669
2024-08-16,0.014268371874179044,-1.1336270419539314,-0.39024310561834463
2024-08-17,-0.39021092059321355,0.014478803290825761,-0.817609488139508
2024-08-18,-0.8175875128756567,-0.39004165084964504,-0.09804872006689823
2024-08-19,-0.0980095545326635,-0.8174617349397045,-0.34872256529755397
2024-08-20,-0.348689388348813,-0.09781054903419535,-0.8806686259504048
2024-08-21,-0.880648157166169,-0.34851589318315795,-0.9019159366832781
2024-08-22,-0.9018959754962218,-0.8805287965714076,-0.710591693530778
2024-08-23,-0.7105671616172221,-0.9017787771771765,-0.5192674503782782
2024-08-24,-0.5192383477382226,-0.7104304927981191,-0.35594149384879503
2024-08-25,-0.35590848935989233,-0.5190822084190619,-0.15999848042164463
2024-08-26,-0.1599607948640539,-0.3557357288431582,-0.899631363963046
2024-08-27,-0.8996113481976629,-0.15976809380872734,-0.5257150928352197
2024-08-28,-0.5256861442290165,-0.8994939173844362,-0.4474739495332517
2024-08-29,-0.4474431317500894,-0.5255306610672814,-0.3692328062312837
2024-08-30,-0.3692001192711621,-0.44727968621954994,-1.0406092610853621
2024-08-31,-1.0405926132748162,-0.3690287113718184,-0.2644299377463686
2024-09-01,-0.2643947470510155,-1.0404895293635235,-0.47677906703621176
2024-09-02,-0.4767489493508255,-0.264212673674975,-0.5997142186495918
2024-09-03,-0.5996870378787647,-0.4765884861150681,-1.0602804930611267
2024-09-04,-1.0602643151953186,-0.5995390853883114,-0.7186369493454368
2024-09-05,-0.7186126096326356,-1.060163233166887,-0.3769934056297466
2024-09-06,-0.37696090406995236,-0.7184767595553252,-0.5594526213371397
2024-09-07,-0.5594244787187875,-0.3767902859437631,-0.7869286402408678
2024-09-08,-0.7869059320131108,-0.559272428925139,-0.9214762645320583
2024-09-09,-0.9214567706402457,-0.7867770317783798,-1.056023888823249
2024-09-10,-1.0560076092673807,-0.9213415629176781,-0.8131803642955413
2024-09-11,-0.8131582832201453,-1.0559060940569767,-0.5703368397678337
2024-09-12,-0.5703089571729097,-0.8130320545454125,-0.13876909962509743
2024-09-13,-0.1387309068986724,-0.5701580150338484,-0.8925836663037203
2024-09-14,-0.8925634821691962,-0.1385360453923062,-0.5631372979602454
2024-09-15,-0.5631092433686314,-0.8924453341327081,-1.3028594352305174
2024-09-16,-1.302849052563378,-0.5629575685535806,0.4810871400029231
2024-09-17,0.481140141063586,-1.302772657073514,-0.5132978648486342
2024-09-18,-0.5132686195954821,0.48139808349869695,3.246101935989638
2024-09-19,3.2462209931140364,-0.5131118727693297,5.031974828873891
2024-09-20,5.032136550411445,3.2467603228937816,-0.9014360120542797
2024-09-21,-0.9014160394018482,5.032857623172063,-0.39626902103128003
2024-09-22,-0.39623697996496365,-0.9012987922422987,-0.1257370989467268
2024-09-23,-0.12569859488646418,-0.3960683234609118,-0.13803072990557036
2024-09-24,-0.13799251953953004,-0.12550240715208955,-0.1503243608644137
2024-09-25,-0.15028644419259565,-0.1377975828914702,-0.16261799182325726
2024-09-26,-0.16258036884566152,-0.15009275863085061,-0.17491162278210057
2024-09-27,-0.17487429349872716,-0.16238793437023125,-0.18720525374094416
2024-09-28,-0.18716821815179302,-0.17468311010961166,-0.9289267880941797
2024-09-29,-0.9289074721949986,-0.1869782858489923,-0.5345316534211948
2024-09-30,-0.5345029154421785,-0.9287930226900883,-0.5015512538346831
2024-10-01,-0.5015217279555876,-0.5343483295156319,-0.42031945318455327
2024-10-02,-0.4202879866818455,-0.5013637857117157,-0.17824902642179477
2024-10-03,-0.17821177686882564,-0.4201217777188523,0.06382140034096395
2024-10-04,0.06386443294419449,-0.1780209331173676,-0.3404830871830451
2024-10-05,-0.3404497133935884,0.06407991148411736,-0.051882682660120805
2024-10-06,-0.0518424142215856,-0.3402753797207141,-1.377858767418199
2024-10-07,-1.3778501764813154,-0.05163871054258799,-0.6871771204214904
2024-10-08,-0.6871520291349662,-1.3777814134507658,-0.9915836603127912
2024-10-09,-0.9915658412831206,-0.6870129774842912,-0.7890710435076467
2024-10-10,-0.7890483864617954,-0.9914577681820266,-0.5865584267025024
2024-10-11,-0.5865309316404703,-0.7889197042530827,-1.050705907062927
2024-10-12,-1.0506895004607433,-0.5863816403241389,-0.9880592698496351
2024-10-13,-0.9880413666224545,-1.050587444055128,-0.6706896101186837
2024-10-14,-0.6706641249463716,-0.9879329348546092,-0.49331722940914013
2024-10-15,-0.49328750681961714,-0.6705233954107354,0.028545296532084426
2024-10-16,0.028587486390977787,-0.49312872662353174,0.07492466282710991
2024-10-17,0.0749679606867201,0.02879937498657405,1.377648840270851
2024-10-18,1.377723260145222,0.07518456917269327,0.22075070266993285
2024-10-19,0.220797484306265,1.378072443002086,0.08521353266370527
2024-10-20,0.08525707632389587,0.22102893307525923,-0.05032363734252231
2024-10-21,-0.05028333165847326,0.08547473187759785,-0.18586080734874988
2024-10-22,-0.1858237396408424,-0.05007946932006352,-0.32139797735497744
2024-10-23,-0.3213641476232115,-0.1856336705177249,-0.45693514736120516
2024-10-24,-0.45690455560558074,-0.32118787171538626,-0.256674518107289
2024-10-25,-0.25663914213535266,-0.45674207291304775,-0.056413888853372694
2024-10-26,-0.056373728665124447,-0.2564562795132864,0.1438467404005436
2024-10-27,0.14389168480510378,-0.05617048611352499,-0.1800583437672801
2024-10-28,-0.1800211374388109,0.14411530728623648,0.1319768610743498
2024-10-29,0.13202152190809277,-0.17983047781620606,-0.9072097130295597
2024-10-30,-0.9071898783105528,0.13224393642685595,-0.6987367371411726
2024-10-31,-0.6987119220133076,-0.9070732187234055,-0.49026376125278537
2024-11-01,-0.4902339657160625,-0.6985740467504981,-0.5305177943733499
2024-11-02,-0.5304889605034437,-0.49007487477759054,-0.5707718274939144
2024-11-03,-0.5707439552908252,-0.5303339660983818,-0.728773165696366
2024-11-04,-0.7287490681372611,-0.5705930574191731,-0.8867745038988173
2024-11-05,-0.886754180983697,-0.7286142495925877,-1.0447758421012687
2024-11-06,-1.0447592938301329,-0.8866354417660022,-0.35302825273612487
2024-11-07,-0.3529951786500392,-1.0446566339394168,0.33871933662901893
2024-11-08,0.33876893653005435,-0.35282212166140836,0.14521850860047286
2024-11-09,0.145263485776506,0.3390123906165999,-0.04828231942807293
2024-11-10,-0.04824196497704208,0.14548724785841471,-0.24178314745661897
2024-11-11,-0.24174741573059041,-0.048037894899770194,-0.435283975485165
2024-11-12,-0.43525286648413875,-0.24156303765795537,-0.628784803513711
2024-11-13,-0.628758317237687,-0.4350881804161405,-0.8222856315422571
2024-11-14,-0.8222637679912355,-0.6286133231743257,-1.0157864595708033
2024-11-15,-1.0157692187447838,-0.8221384659325108,-0.9651099402509778
2024-11-16,-0.965091488765473,-1.015663608690696,-0.9144334209311525
2024-11-17,-0.9144137587861623,-0.9649807215125061,-0.8637569016113272
2024-11-18,-0.8637360288068516,-0.9142978343343162,-0.8130803822915019
2024-11-19,-0.8130582988275409,-0.8636149471561264,-0.7624038629716767
2024-11-20,-0.7623805688482302,-0.8129320599779365,-0.7117273436518514
2024-11-21,-0.7117028388689195,-0.7622491727997467,-0.6610508243320261
2024-11-22,-0.6610251088896089,-0.7115662856215568,-0.6103743050122008
2024-11-23,-0.6103473789102981,-0.660883398443367,-0.5596977856923755
2024-11-24,-0.5596696489309874,-0.6102005112651772,-0.5090212663725503
2024-11-25,-0.5089919189516767,-0.5595176240869872,-0.45834474705272504
2024-11-26,-0.45831418897236603,-0.5088347369087974,-0.40766822773289985
2024-11-27,-0.40763645899305545,-0.45815184973060763,-0.35699170841307437
2024-11-28,-0.35695872901374454,-0.4074689625524178,-0.3063151890932492
2024-11-29,-0.3062809990344339,-0.3567860753742278,-0.2556386697734239
2024-11-30,-0.25560326905512326,-0.306103188196038,-0.20496215045359847
2024-12-01,-0.2049255390758124,-0.25542030101784824,-0.15428563113377325
2024-12-02,-0.15424780909650176,-0.20473741383965818,-0.10360911181394805
2024-12-03,-0.10357007911719114,-0.1540545266614684,-0.05293259249412283
2024-12-04,-0.05289234913788051,-0.10337163948327861,-0.08035885811728247
2024-12-05,-0.08031926997313979,-0.05268875230508883,-0.10778512374044211
2024-12-06,-0.10774619080839906,-0.0801184642299539,-0.135211389363602
2024-12-07,-0.13517311164365858,-0.10754817615481897,-0.1626376549867616
2024-12-08,-0.16260003247891788,-0.13497788807968428,-0.19006392060992125
2024-12-09,-0.19002695331417715,-0.16240760000454935,-0.2174901862330809
2024-12-10,-0.21745387414943643,-0.18983731192941442,-0.24491645185624053
2024-12-11,-0.2448807949846957,-0.21726702385427948,-0.27234271747940014
2024-12-12,-0.272307715819955,-0.24469673577914455,-0.29976898310256006
2024-12-13,-0.29973463665521455,-0.2721264477040096,-0.3271952487257197
2024-12-14,-0.3271615574904738,-0.29955615962887494,-0.19073591968181444
2024-12-15,-0.1906989684400942,-0.32698587155374004,-0.05427659063790896
2024-12-16,-0.054236379389714366,-0.19050939544268142,0.08218273840599653
2024-12-17,0.08222620966066548,-0.05403291933162256,0.21864206744990175
2024-12-18,0.21868879871104507,0.0824435567794363,0.355101396493807
2024-12-19,0.3551513877614247,0.2189200328904949,0.49156072553771246
2024-12-20,0.4916139768118045,0.3553965090015535,0.8552915694876336
2024-12-21,0.855353510273205,0.49187298511261235,1.2190224134375547
2024-12-22,1.2190930437346055,0.8556495343818448,1.5827532573874759
2024-12-23,1.5828325771960061,1.2194260836510773,1.946484101337397
2024-12-24,1.9465721106574065,1.5832026329203097,1.549575314104923
2024-12-25,1.5496538412940652,1.9469791821895421,1.152666526872449
2024-12-26,1.1527355719307233,1.550020520597608,0.7557577396399752
2024-12-27,0.7558173025673819,1.1530618590056736,0.35884895240750136
2024-12-28,0.35889903320404043,0.7561031974137397,-0.038059834824972646
2024-12-29,-0.03801923615930126,0.3591445358218056,-0.4349686220574467
2024-12-30,-0.43493750552264293,-0.03781412577012862,-0.32392251238970887
2024-12-31,-0.3238887429689573,-0.4347727873620629,-0.21287640272197134
2025-01-01,-0.212839980415272,-0.32371272397556555,-0.10183029305423356
2025-01-02,-0.10179121786158639,-0.21265266058906848,0.009215816613503968
2025-01-03,0.009257544692098964,-0.10159259720257117,0.12026192628124176
2025-01-04,0.12030630724578456,0.009467466183925891,0.36607730973949437
2025-01-05,0.3661275632211248,0.1205275295704232,0.6118926931977468
2025-01-06,0.6119488191964647,0.3663738014473499,0.8577080766559997
2025-01-07,0.8577700751718053,0.6122200733242763,1.103523460114252
2025-01-08,1.1035913311471452,0.8580663452012033,0.9414176917828192
2025-01-09,0.9414816901170995,1.1039126170781297,0.7793119234513862
2025-01-10,0.7793720490870538,0.94178647902544,0.7297804909520047
2025-01-11,0.7298394332842532,0.7796603409727502,0.6802490584526234
2025-01-12,0.6803068174814526,0.7301226845031555,0.6307176259532419
2025-01-13,0.630774201678652,0.6805850280335611,0.5811861934538606
2025-01-14,0.5812415858758515,0.6310473715639664,0.5316547609544789
2025-01-15,0.5317089700730507,0.581509715094372,0.48212332845509764
2025-01-16,0.48217635427025035,0.5319720586247774,0.4325918959557161
2025-01-17,0.43264373846744963,0.48243440215518296,0.3830604634563348
2025-01-18,0.3831111226646492,0.4328967456855883,0.33352903095695324
2025-01-19,0.3335785068618485,0.3833590892159939,0.22133759057532743
2025-01-20,0.22138438623238196,0.3338214327463992,0.1091461501937016
2025-01-21,0.10919026560291545,0.22161589472721546,-0.0030452901879242274
2025-01-22,-0.0030038550265510553,0.10941035670803174,-0.11523673056955004
2025-01-23,-0.11519797565601757,-0.002795181311151993,0.4412930035234534
2025-01-24,0.441345053904207,-0.11500071933033573,0.9978227376164568
2025-01-25,0.9978880834644315,0.44159894660822346,1.5543524717094606
2025-01-26,1.5544311130246562,0.9981986125467827,0.7726186408667755
2025-01-27,0.7726786066002603,1.554798278485342,0.6116318448845025
2025-01-28,0.6116879646515675,0.7729662173304649,0.45064504890222984
2025-01-29,0.4506973227028749,0.6119591922336209,0.28965825291995717
2025-02-01,0.28970668075418227,0.45095216713677716,-0.19330213502686144
2025-02-02,-0.1932652450918961,0.2899451420399335,-0.3542889310091344
2025-02-03,-0.35425588704058897,-0.1930759332505982,-0.5152757269914071
2025-02-04,-0.5152465289892816,-0.35408295834744213,-0.6762625229736801
2025-02-05,-0.6762371709379744,-0.5150899834442859,-0.8372493189559528
2025-02-06,-0.837227812886667,-0.6760970085411299,-0.9982361149382257
2025-02-07,-0.99821845483536,-0.8371040336379736,0.373794998691385
2025-02-08,0.3738454365482144,-0.9981110587348175,1.7458261123209955
2025-02-09,1.7459093279317885,0.37409246018072523,1.5960120063908134
2025-02-10,1.5960916429501872,1.7462959790962678,1.4461979004606316
2025-02-11,1.4462739579685862,1.596463047978003,1.2963837945304495
2025-02-12,1.296456272986985,1.4466301168597382,1.1465696886002676
2025-02-13,1.1466385880053838,1.2967971857414735,0.23170253190219042
2025-02-14,0.23174957517716946,1.1469642546232088,-0.06394960451573303
2025-02-15,-0.06390962435535111,0.23198213848130145,-0.3596017409336562
2025-02-16,-0.3595688238878714,-0.0637071486911561,-0.6857804904437801
2025-02-17,-0.6857553657918364,-0.35939643586361336,-0.05084702961576711
2025-02-18,-0.050806736435533024,-0.685616172010276,0.584086431212246
2025-02-19,0.5841418929207705,-0.05060292736120063,1.2190198920402588
2025-02-20,1.2190905222770736,0.5844103172878748,1.1411885847481362
2025-02-21,1.1412573555989534,1.2194235619369502,1.0633572774560136
2025-02-22,1.0634241889208331,1.1415824745978194,0.9855259701638911
2025-02-23,0.9855910222427128,1.0637413872586883,0.9076946628717685
2025-02-24,0.9077578555645925,0.9859002999195575,0.829863355579646
2025-02-25,0.8299246888864722,0.9080592125804267,0.7520320482875233
2025-02-26,0.752091522208352,0.8302181252412958,0.6556283517488134
2025-02-27,0.6556855225902037,0.7523770379021648,0.5592246552101033
2025-02-28,0.5592795229720555,0.6559612275661061,0.4628209586713933
2025-03-01,0.46287352335390736,0.5595454172300474,0.366417262132683
2025-03-02,0.3664675237357589,0.4631296068939886,0.270013565593973
2025-03-03,0.2700615241176107,0.3667137965579295,0.17360986905526296
2025-03-04,0.1736555244994625,0.2702979862218708,0.07720617251655293
2025-03-05,0.07724952488131429,0.173882175885812,-0.019197524022157356
2025-03-06,-0.019156474736834166,0.07746636554975324,-0.11560122056086738
2025-03-07,-0.11556247435498238,-0.018949444786305777,-0.21200491709957742
2025-03-08,-0.21196847397313057,-0.11536525512236454,-0.3084086136382874
2025-03-09,-0.3083744735912788,-0.21178106545842332,-0.4048123101769975
2025-03-10,-0.404780473209427,-0.3081968757944821,-0.5012160067157075
2025-03-11,-0.5011864728275752,-0.40461268613054086,-0.5976197032544177
2025-03-12,-0.5975924724457236,-0.5010284964665996,-0.253546167564083
2025-03-13,-0.25351071685601034,-0.5974443068026585,-0.13626728414394254
2025-03-14,-0.13622903164927208,-0.25332753587099943,-0.018988400723802305
2025-03-15,-0.01894734644253409,-0.13603391554057392,0.09829048269633818
2025-03-16,0.09833433876420415,-0.018740295210148646,0.21556936611647864
2025-03-17,0.2156160239709424,0.09855332512027688,0.3328482495366191
2025-03-18,0.33289770917768063,0.2158469454507024,0.4501271329567594
2025-03-19,0.4501793943844186,0.33314056578112794,0.5674060163768998
2025-03-20,0.5674610795911569,0.45043418611155317,0.6846848997970403
2025-03-21,0.6847427647978951,0.5677278064419787,0.8019637832171805
2025-03-22,0.8020244500046331,0.6850214267724043,0.7950180994247441
2025-03-23,0.795078600280162,0.8023150471028295,0.788072415632308
2025-03-24,0.788132750555691,0.7953684905367451,0.7811267318398716
2025-03-25,0.7811869008312198,0.788421933970661,0.7741810480474354
2025-03-26,0.7742410511067489,0.7814753774045765,0.7672353642549989
2025-03-27,0.7672952013822777,0.7745288208384923,0.5097841151551351
2025-03-28,0.5098378017850841,0.7675822642724078,0.3073363748362644
2025-03-29,0.30738522499992865,0.5100986646261361,0.10488863451739365
2025-03-30,0.10493264821477317,0.30762548533564926,-0.09755910580147709
2025-03-31,-0.0975199285703823,0.10515230604516246,-0.30000684612034756
2025-04-01,-0.29997250535553754,-0.09732087324532435,-0.5024545864392185
2025-04-02,-0.5024250821406931,-0.29979405253581093,-0.42523710553668603
2025-04-03,-0.42520575651644443,-0.5022672318262978,-0.3480196246341537
2025-04-04,-0.34798643089219583,-0.42504004800832734,-0.27080214373162115
2025-04-05,-0.270767105267947,-0.34781286419035695,-0.19358466282908887
2025-04-06,-0.19354777964369846,-0.27058568037238634,-0.11636718192655632
2025-04-07,-0.11632845401944962,-0.19335849655441595,-0.039149701024024014
2025-04-08,-0.03910912839520104,-0.11613131273644532,-0.04182890168172045
2025-04-09,-0.04178839305886579,-0.038904128918474945,-0.0445081023394169
2025-04-10,-0.04446765772253054,-0.041583666236434315,-0.04718730299711334
2025-04-11,-0.04714692238619529,-0.044263203554393685,-0.04986650365480978
2025-04-12,-0.04982618704986004,-0.046942740872353055,-0.05254570431250622
2025-04-13,-0.05250545171352479,-0.049622278190312424,-0.055224904970202666
2025-04-14,-0.055184716377189545,-0.0523018155082718,-0.05790410562789911
2025-04-15,-0.057863981040854294,-0.05498135282623117,-0.06058330628559555
2025-04-16,-0.06054324570451904,-0.05766089014419054,-0.063262506943292
2025-04-17,-0.0632225103681838,-0.06034042746214991,-0.06594170760098844
2025-04-18,-0.06590177503184855,-0.06301996478010928,-0.06862090825868487
2025-04-19,-0.0685810396955133,-0.06569950209806864,-0.07130010891638132
2025-04-20,-0.07126030435917804,-0.06837903941602802,-0.07397930957407776
2025-04-21,-0.07393956902284281,-0.07105857673398738,-0.07665851023177421
2025-04-22,-0.07661883368650756,-0.07373811405194676,-0.07933771088947064
2025-04-23,-0.0792980983501723,-0.07641765136990614,2.2372458849763786
2025-04-24,2.2373408405807047,-0.0790971886878655,4.553829480842228
2025-04-25,4.553979779511581,2.2377775020760975,2.51559839703802
2025-04-26,2.5157000024697913,4.55465219284006,0.4773673132338112
2025-04-27,0.4774202254280006,2.5161649910737247,1.3055031095621
2025-04-28,1.3055758058786104,0.4776777893073879,0.2672318960616775
2025-04-29,0.2672797881313707,1.3059176466787086,0.7347158760941732
2025-04-30,0.7347749363325232,0.26751596715338305,-0.13458514898337484
2025-05-01,-0.1345468563025804,0.7350586898109152,0.9619791264201636
2025-05-02,0.9620436159660782,-0.1343515690079823,0.40307044495127775
2025-05-03,0.40312158219703875,0.9623504973505613,-0.1558382365176081
2025-05-04,-0.15580045157200073,0.40337158510477733,-0.7147469179864939
2025-05-05,-0.7147224853410402,-0.15560732714100659,-1.27365559945538
2025-05-06,-1.2736445191100798,-0.7145862393867906,-1.3140638774679732
2025-05-07,-1.3140537624743927,-1.2735651516325743,-1.3544721554805663
2025-05-08,-1.3544630058387053,-1.3139785072273418,-1.377858767418199
2025-05-09,-1.3778501764813154,-1.354391862822109,-1.377858767418199
2025-05-10,-1.3778501764813154,-1.3777814134507658,-1.377858767418199
2025-05-11,-1.3778501764813154,-1.3777814134507658,0.44999988021422177
2025-05-12,0.4500521386018195,-1.3777814134507658,0.34879628457931433
2025-05-13,0.348846125218127,0.45030691737882034,0.2475926889444066
2025-05-14,0.24764011183443427,0.34909060480574033,0.1463890933094989
2025-05-15,0.14643409845074157,0.2478742922326601,0.04518549767459142
2025-05-16,0.0452280850670491,0.14665797965957988,-0.056018097960316295
2025-05-17,-0.05597792831664362,0.045441667086499896,-0.15722169359522375
2025-05-18,-0.1571839417003361,-0.055774645486580336,-0.3583499792383567
2025-05-19,-0.35831703228804823,-0.15699095805966032,-0.5594782648814897
2025-05-20,-0.5594501228757605,-0.3581445168757198,-0.7606065505246226
2025-05-21,-0.7605832134634726,-0.5592980756917793,-0.9617348361677556
2025-05-22,-0.9617163040511847,-0.7604516345078387,-0.6535881613641845
2025-05-23,-0.6535622676391261,-0.9616051933238983,-0.34544148656061374
2025-05-24,-0.3454082312270676,-0.6534197977398356,-0.037294811757042745
2025-05-25,-0.037254194815008926,-0.34523440215577317,-1.0475556172504106
2025-05-26,-1.0475391353879626,-0.03704900657171052,-0.5262104197775761
2025-05-27,-0.5261814830047087,-1.0474367583867084,-0.004865222304741752
2025-05-28,-0.004823830621454873,-0.5260260502509255,0.5164799751680929
2025-05-29,0.5165338217617992,-0.00461534211514276,0.34673442906121194
2025-05-30,0.3467842204424005,0.5167953660206402,-0.06994122892544437
2025-05-31,-0.0699013919046668,0.34702849020110077,-0.2392802448544901
2025-06-01,-0.23924445333424485,-0.06969952599029486,-0.40861926078353555
2025-06-02,-0.40858751476382266,-0.23905982054864475,-0.5779582767125813
2025-06-03,-0.5779305761934007,-0.4084201151069944,-0.7472972926416269
2025-06-04,-0.7472736376229786,-0.5777804096653443,-0.9166363085706726
2025-06-05,-0.9166166990525567,-0.747140704223694,-1.0859753244997181
2025-06-06,-1.0859597604821347,-0.9165009987820439,-0.3286095845155521
2025-06-07,-0.32857592706871674,-1.0858612933403937,-0.5708326211842705
2025-06-08,-0.5708047504335395,-0.32840038506473623,-0.8130556578529889
2025-06-09,-0.8130335737983623,-0.5706538587486807,-0.8916896722076882
2025-06-10,-0.8916694667156905,-0.8129073324326253,-0.9703236865623875
2025-06-11,-0.9703053596330186,-0.891551227700078,-0.25308036275994134
2025-06-12,-0.2530449009238154,-0.9701951229675307,-1.2495149461037551
2025-06-13,-1.2495032890394666,-0.2528616725352329,-1.1595177910226095
2025-06-14,-1.1595039839308348,-1.2494214648393593,-1.069520635941464
2025-06-15,-1.0695046788222025,-1.1594130009875157,-0.9795234808603185
2025-06-16,-0.9795053737135703,-1.0694045371356717,-0.7705591313315079
2025-06-17,-0.7705360320370104,-0.9793960732838279,-1.0667723626943397
2025-06-18,-1.0667563399189692,-0.7704054659259695,-0.889750586948042
2025-06-19,-0.8897303351313953,-1.0666559185488316,-0.7127288112017441
2025-06-20,-0.7127043303438213,-0.8896118987808344,-0.5357070354554463
2025-06-21,-0.5356783255562474,-0.7125678790128372,-0.3586852597091484
2025-06-22,-0.3586523207686734,-0.53552385924484,-0.41827661709543584
2025-06-23,-0.41824510178947716,-0.3584798394768428,-0.47786797448172336
2025-06-24,-0.477837882810281,-0.41807868493312167,0.35631084540707847
2025-06-25,0.35636086556836954,-0.47767753038940064,-0.16440894219021823
2025-06-26,-0.16437136199833627,0.35660610989052266,-0.6851287297875152
2025-06-27,-0.6851035895650424,-0.16417910978260633,-1.2058485173848121
2025-06-28,-1.2058358171317485,-0.6849643294557355,-0.924566294816905
2025-06-29,-0.9245468747457597,-1.2057495491288648,-0.6432840722489978
2025-06-30,-0.6432579323597711,-0.9244319814863978,-0.36200184968109045
2025-07-01,-0.3619689899737823,-0.643114413843931,-0.17682658480658153
2025-07-02,-0.1767893012715541,-0.36179684620146396,-0.7039214023541023
2025-07-03,-0.7038967110876272,-0.17659831276243704,-0.7280740351444348
2025-07-04,-0.7280499208831365,-0.7037593634527997,-0.7522266679347673
2025-07-05,-0.7522031306786457,-0.727915031190023,-0.7763793007251
2025-07-06,-0.776356340474155,-0.7520706989272462,-0.910001839912615
2025-07-07,-0.9099820718973781,-0.7762263666644694,-1.04362437910013
2025-07-08,-1.0436078033206013,-0.9098656964566921,-1.1772469182876453
2025-07-09,-1.1772335347438245,-1.043505026248915,1.7543052539177317
2025-07-10,1.754388672094789,-1.1771443560411379,0.06220262592297872
2025-07-11,0.06224561985377022,1.7547761861563285,-0.811120606829016
2025-07-12,-0.8110984765461182,0.06246093365582778,-1.3689662924119343
2025-07-13,-1.3689574890342722,-0.8109720382559849,-1.377858767418199
2025-07-14,-1.3778501764813154,-1.3688878210429487,2.47430052411398
2025-07-15,2.474401142941655,-1.3777814134507658,-0.23770028750351654
2025-07-16,-0.23766445823817003,2.474861928783701,0.06885623852346753
2025-07-17,0.06889939140872779,-0.23747966466500225,-0.2809868891984056
2025-07-18,-0.2809520940477859,0.06911538232918074,3.2085997745548087
2025-07-19,3.2087179357544655,-0.28077170562352616,0.3851022515572756
2025-07-20,0.3851529595438045,3.20925344905061,0.10216572714963323
2025-07-21,0.10220967579689336,0.38540113388186087,-0.3162226506505511
2025-07-22,-0.31618869728049176,0.10242905652508592,-0.11761745257333142
2025-07-23,-0.11757875453512728,-0.31601189469503677,-0.5965007631655597
2025-07-24,-0.5964735056254433,-0.11738174048845385,-0.6786698512371426
2025-07-25,-0.6786445567123875,-0.5963252261111683,-1.1557467580985383
2025-07-26,-1.1557328609169772,-0.6785046393021914,-0.5846545662969301
2025-07-27,-0.5846270257517693,-1.1556414942068363,-0.25835049400269267
2025-07-28,-0.25831515806973576,-0.5844775406852182,-0.503979191337457
2025-07-29,-0.5039497234616657,-0.2581324660067593,-0.6155351835694715
2025-07-30,-0.6155083807606967,-0.5037920283017834,-0.8407180009711105
2025-07-31,-0.840696577768463,-0.6153620383228604,-0.5970097865870542
2025-08-01,-0.5969825412074816,-0.8405731515172372,-1.0529502121344931
2025-08-02,-1.0529338591486441,-0.5968343134950086,-0.3743273735141741
2025-08-03,-0.37429480826300743,-1.0528320311392911,-0.2834852764093279
2025-08-04,-0.28345054094505245,-0.374123918822647,-0.4302440464814544
2025-08-05,-0.430212817076779,-0.28327040677423976,-0.577002816553581
2025-08-06,-0.5769750932085055,-0.43004761811017295,-0.7237615866257076
2025-08-07,-0.723737369340232,-0.5768248294461061,-0.3412706222821401
2025-08-08,-0.34123726730685716,-0.7236020407820393,-1.241478808408799
2025-08-09,-1.2414669593615872,-0.34106301377909115,-0.48990960765630864
2025-08-10,-0.48987980365887424,-1.2413843173476111,-0.644295809995642
2025-08-11,-0.6442696942767789,-0.4897206766792425,-0.8480742429513832
2025-08-12,-0.8480529954889848,-0.6441262787224847,-0.6313600706629227
2025-08-13,-0.6313336459099007,-0.84793031786066,-0.665932088284692
2025-08-14,-0.6659064894554239,-0.6311889139238295,-0.6727583138763549
2025-08-15,-0.672732878125271,-0.6657652757609188,-0.0239518387455143
2025-08-16,-0.023910903040529577,-0.6725923591154729,-1.038641805436883
2025-08-17,-1.0386251106239213,-0.02370435692249188,-1.3105821426968773
2025-08-18,-1.3105719445248292,-1.0385218264905096,-0.9655704106369286
2025-08-19,-0.9655519701520381,-1.3104963349519705,-0.62055867857698
2025-08-20,-0.620531995779247,-0.965441249759775,-0.2755469465170313
2025-08-21,-0.2755120214064559,-0.6203861645675796,-0.5516387924402084
2025-08-22,-0.5516104631498788,-0.27533107937538426,-0.8277306383633855
2025-08-23,-0.8277089048933015,-0.5514576181660679,-1.1038224842865625
2025-08-24,-1.1038073466367242,-0.8275841569567514,-0.49634245791578113
2025-08-25,-0.4963128075988143,-1.1037106957474347,-0.74002882018994
2025-08-26,-0.7400049915278523,-0.49615433527125014,-0.18180811878254877
2025-08-27,-0.18177095425611622,-0.739871318437711,1.717987047267959
2025-08-28,1.718069597804895,-0.18158047270291847,-1.1224702904384403
2025-08-29,-1.1224555982837485,1.7184534158703964,-1.0044126418163013
2025-08-30,-1.0043951292703506,-1.1223608451263136,-0.5037760974545287
2025-08-31,-0.5037466247268347,-1.0042883617366065,-0.5544595449646624
2025-09-01,-0.554431283061968,-0.503588908898691,-1.0798215462283562
2025-09-02,-1.079805835197321,-0.5542787251377648,-0.6277877923281621
2025-09-03,-0.6277612822335912,-1.07970674180384,-1.260183691524649
2025-09-04,-1.260172289336149,-0.6276161867073622,-0.8051063085206587
2025-09-05,-0.8050840345564781,-1.2600915508625807,0.13817931165203048
2025-09-06,0.13822412066200426,-0.8049569842090665,-0.2501743309758357
2025-09-07,-0.25013879971475733,0.13844716638574356,-0.7824788782931089
2025-09-08,-0.7824560637607639,-0.24995527558795008,-0.636405592099154
2025-09-09,-0.6363792878833842,-0.7823267106869737,-0.49033230590519916
2025-09-10,-0.4903025120060045,-0.636235069365046,-0.5359043954941537
2025-09-11,-0.5358756903098761,-0.49014342804311833,-0.5814764850831081
2025-09-12,-0.5814488686137478,-0.5357212440832139,-0.6883818253724422
2025-09-13,-0.6883567628662584,-0.5812990601233093,-1.0521902816665336
2025-09-14,-1.0521739105259842,-0.6882178338148287,-0.15998488355326382
2025-09-15,-0.1599471976708446,-1.0520720051807642,-0.5389285967648593
2025-09-16,-0.5388999638285973,-0.15975449523180513,-0.7076660695558327
2025-09-17,-0.7076414677492678,-0.5387458253659174,-0.7893754788848523
2025-09-18,-0.7893528291119468,-0.707504501198101,-0.8710848882138719
2025-09-19,-0.8710641904746258,-0.7892241778847183,-0.9527942975428915
2025-09-20,-0.9527755518373048,-0.8709438545713355,-1.034503706871911
2025-09-21,-1.0344869131999836,-0.9526635312579528,-1.1162131162009306
2025-09-22,-1.1161982745626626,-1.0343832079445698,-0.10764441109431538
2025-09-23,-0.10760547480065435,-1.1161028846311871,2.6597718944161093
2025-09-24,2.659876944145447,-0.10740744582716612,0.8989748243311976
2025-09-25,0.8990378087075195,2.660356604858062,-0.5077793666337307
2025-09-26,-0.5077499895439351,0.8993382783312803,-0.4553351246682944
2025-09-27,-0.45530449468820877,-0.5075926811166074,-0.09927053316542794
2025-09-28,-0.09923139682024638,-0.45514184916611783,-0.7521161747021572
2025-09-29,-0.7520926348063578,-0.0990325156620689,-0.4849687671649951
2025-09-30,-0.484938845131131,-0.7519601918103901,-0.21782135962783303
2025-10-01,-0.21778505545590424,-0.48477921533683516,0.049326047909328895
2025-10-02,0.04936873421932242,-0.21759823886328022,0.3164734554464908
2025-10-03,0.3165225238945491,0.04958273761027458,0.583620862983653
2025-10-04,0.583676313569776,0.31676371408382936,-0.6064168023886719
2025-10-05,-0.6063897817422315,0.5839446905573844,-1.2161706584595031
2025-10-06,-1.216158204801868,-0.6062425113538209,0.11797062983488747
2025-10-07,0.11801495606047398,-1.2160729872526284,-0.011654143667770313
2025-10-08,-0.011612914171471693,0.11823594520667764,2.397293688834919
2025-10-09,2.3973924679731904,-0.011405116553525909,-0.3965276230087518
2025-10-10,-0.3964955881204235,2.3978454170582943,-0.2930748413751669
2025-10-11,-0.2930403350051138,-0.39632695793352696,-0.448913429257229
2025-10-12,-0.4488826458631645,-0.29286117673584994,-0.6047520171392912
2025-10-13,-0.6047249567212153,-0.44871934682420184,-0.7605906050213532
2025-10-14,-0.760567267579266,-0.6045775169125537,-0.9164291929034154
2025-10-15,-0.9164095784373166,-0.7604356870009056,-0.8278503860579224
2025-10-16,-0.8278286554486048,-0.9162938570892575,-0.7392715792124294
2025-10-17,-0.739247732459893,-0.8277039196984219,-1.0079284782056686
2025-10-18,-1.0079110496528714,-0.7391139823075863,-0.9230178281617388
2025-10-19,-0.9229983710978035,-1.0078046399153557,0.5975227270520833
2025-10-20,0.5975785097530363,-0.9228833202555885,0.5975227270520833
2025-10-21,0.5975785097530363,0.5978483014920671,0.5975227270520833
2025-10-22,0.5975785097530363,0.5978483014920671,0.5975227270520833
