t,NO2_scaled
2022-10-23,-0.36787663005879556
2022-10-24,0.3386111446362492
2022-10-25,1.045098919331294
2022-10-26,0.5968556789795859
2022-10-27,0.14861243862787768
2022-10-28,-0.2996308017238303
2022-10-29,4.774807068357424
2022-10-30,1.298416753076985
2022-10-31,4.774807068357424
2022-11-01,4.774807068357424
2022-11-02,4.618948983994401
2022-11-03,3.7707626084207684
2022-11-04,2.922576232847135
2022-11-05,2.0743898572735016
2022-11-06,1.2262034816998681
2022-11-07,0.37801710612623507
2022-11-08,-0.47016926944739906
2022-11-09,-0.43764594682410357
2022-11-10,-0.4051226242008081
2022-11-11,-0.3725993015775126
2022-11-12,-0.340075978954217
2022-11-13,-0.3075526563309215
2022-11-14,-0.275029333707626
2022-11-15,-0.2425060110843305
2022-11-16,-0.20998268846103502
2022-11-17,-0.17745936583773952
2022-11-18,-0.008045099230415624
2022-11-19,0.1613691673769083
2022-11-20,0.3307834339842322
2022-11-21,0.5001977005915563
2022-11-22,0.6696119671988803
2022-11-23,0.6644557501226682
2022-11-24,0.6592995330464562
2022-11-25,0.6541433159702439
2022-11-26,0.6489870988940318
2022-11-27,0.6438308818178199
2022-11-28,0.6386746647416078
2022-11-29,0.6335184476653956
2022-11-30,0.6283622305891835
2022-12-01,0.6232060135129714
2022-12-02,0.6180497964367595
2022-12-03,0.6128935793605474
2022-12-04,0.6077373622843352
2022-12-05,0.6025811452081231
2022-12-06,0.5974249281319111
2022-12-07,1.802796352761046
2022-12-08,3.008167777390181
2022-12-09,0.13064397468591976
2022-12-10,-0.13541472185159334
2022-12-11,-0.9536786820584027
2022-12-12,-0.6843511170092271
2022-12-13,-0.41502355196005153
2022-12-14,-0.14569598691087593
2022-12-15,0.12363157813829942
2022-12-16,-0.10429160857690295
2022-12-17,-0.33221479529210507
2022-12-18,-0.5601379820073075
2022-12-19,0.2825321582690069
2022-12-20,1.125202298545321
2022-12-21,1.9678724388216353
2022-12-22,1.7197671246532733
2022-12-23,1.4716618104849117
2022-12-24,1.2235564963165495
2022-12-25,0.9754511821481878
2022-12-26,0.7273458679798257
2022-12-27,0.47924055381146385
2022-12-28,0.23113523964310198
2022-12-29,-0.01697007452525991
2022-12-30,-0.2650753886936218
2022-12-31,-0.5131807028619839
2023-01-01,-0.7612860170303458
2023-01-02,-0.6698045834986942
2023-01-03,-0.5783231499670428
2023-01-04,-0.4868417164353912
2023-01-05,1.3918528012290028
2023-01-06,0.6739603447428314
2023-01-07,-0.04393211174333978
2023-01-08,0.916800015117595
2023-01-09,1.2839225772252392
2023-01-10,1.6510451393328827
2023-01-11,4.774807068357424
2023-01-12,-0.44844321203101434
2023-01-13,3.4748968188503406
2023-01-14,-0.07958922831901007
2023-01-15,0.025985257577713652
2023-01-16,0.1315597434744376
2023-01-17,0.23713422937116133
2023-01-18,0.34270871526788504
2023-01-19,0.44828320116460896
2023-01-20,0.5538576870613326
2023-01-21,0.6594321729580565
2023-01-22,0.7650066588547804
2023-01-23,0.7596898795366767
2023-01-24,0.7543731002185735
2023-01-25,0.7490563209004698
2023-01-26,0.7437395415823661
2023-01-27,0.7384227622642624
2023-01-28,0.7331059829461589
2023-01-29,0.7277892036280555
2023-01-30,0.7224724243099518
2023-01-31,0.7171556449918484
2023-02-01,0.7118388656737449
2023-02-02,0.7065220863556413
2023-02-03,0.7012053070375378
2023-02-04,0.6958885277194341
2023-02-05,0.6905717484013306
2023-02-06,0.685254969083227
2023-02-07,0.6799381897651235
2023-02-08,0.6746214104470198
2023-02-09,0.6693046311289164
2023-02-10,0.663987851810813
2023-02-11,0.6586710724927093
2023-02-12,0.6533542931746058
2023-02-13,0.6480375138565021
2023-02-14,0.6427207345383987
2023-02-15,0.637403955220295
2023-02-16,0.6320871759021915
2023-02-17,0.6267703965840878
2023-02-18,0.6214536172659845
2023-02-19,0.9083479166552247
2023-02-20,1.1952422160444653
2023-02-21,-0.337960458570075
2023-02-22,0.020279306731212754
2023-02-23,0.3785190720325003
2023-02-24,0.7367588373337878
2023-02-25,0.6612054903669157
2023-02-26,0.5856521434000436
2023-02-27,0.5100987964331715
2023-02-28,0.4345454494662994
2023-03-01,0.35899210249942703
2023-03-02,0.28343875553255493
2023-03-03,0.20788540856568283
2023-03-04,0.2330851479570604
2023-03-05,0.25828488734843796
2023-03-06,0.28348462673981556
2023-03-07,1.2270015839147312
2023-03-08,0.8147837167304918
2023-03-09,0.40256584954625196
2023-03-10,-0.009652017637987662
2023-03-11,0.005362722052448373
2023-03-12,0.02037746174288441
2023-03-13,0.042582688893872414
2023-03-14,0.06478791604486041
2023-03-15,0.08699314319584818
2023-03-16,0.10919837034683617
2023-03-17,0.13140359749782418
2023-03-18,0.15360882464881218
2023-03-19,0.17581405179980017
2023-03-20,0.19801927895078794
2023-03-21,0.22022450610177594
2023-03-22,0.24242973325276396
2023-03-23,0.2600365246780497
2023-03-24,0.2725120306463694
2023-03-25,0.2849875366146889
2023-03-26,0.29746304258300854
2023-03-27,0.309938548551328
2023-03-28,0.3224140545196477
2023-03-29,0.33488956048796714
2023-03-30,0.34736506645628684
2023-03-31,0.3598405724246063
2023-04-01,0.372316078392926
2023-04-02,0.38479158436124544
2023-04-03,0.39726709032956514
2023-04-04,0.4097425962978846
2023-04-05,0.4222181022662043
2023-04-06,0.43469360823452374
2023-04-07,0.44716911420284344
2023-04-08,0.4596446201711629
2023-04-09,0.4721201261394826
2023-04-10,0.6296242821705518
2023-04-11,0.7871284382016208
2023-04-12,1.0492272770506812
2023-04-13,0.9265032304692625
2023-04-14,0.8037791838878439
2023-04-15,0.681055137306425
2023-04-16,-0.3449959588036975
2023-04-17,-0.42457387177652633
2023-04-18,-0.5041517847493552
2023-04-19,-0.583729697722184
2023-04-20,-0.8013565461245251
2023-04-21,-1.0189833945268663
2023-04-22,-1.2366102429292072
2023-04-23,-0.9803800184245594
2023-04-24,-0.914548347007613
2023-04-25,-1.174812307515165
2023-04-26,-0.9552553959619107
2023-04-27,-0.7356984844086562
2023-04-28,-0.5161415728554016
2023-04-29,-0.29658466130214717
2023-04-30,-0.07702774974889265
2023-05-01,-0.22654238613364625
2023-05-02,-0.3760570225184001
2023-05-03,-0.5255716589031537
2023-05-04,-0.5914692186098093
2023-05-05,-0.657366778316465
2023-05-06,-0.662971775325135
2023-05-07,-0.6685767723338051
2023-05-08,-0.35415293361214445
2023-05-09,-0.4265859128427573
2023-05-10,-0.4990188920733704
2023-05-11,-0.5714518713039834
2023-05-12,-0.6438848505345963
2023-05-13,0.4502529151847001
2023-05-14,-0.16345077741115271
2023-05-15,-0.7771544700070057
2023-05-16,0.39918453477681853
2023-05-17,1.5755235395606426
2023-05-18,-0.36354575854852783
2023-05-19,-0.01114726822988347
2023-05-20,-0.10110257494729696
2023-05-21,-0.5958233364214247
2023-05-22,-0.2140646605392359
2023-05-23,-0.5113838921216245
2023-05-24,-1.343278021456677
2023-05-25,0.19555713196894428
2023-05-26,-0.91735590835672
2023-05-27,-0.21526056152052678
2023-05-28,0.5292083002889761
2023-05-29,-0.14203111123806667
2023-05-30,-0.2504330711515394
2023-05-31,-0.6073157801309056
2023-06-01,-0.6319834929751832
2023-06-02,-0.8122132973805847
2023-06-03,-0.9924431017859858
2023-06-04,-0.21189683597706158
2023-06-05,-0.5160911255291705
2023-06-06,-0.32091632033737605
2023-06-07,-0.8587800422286519
2023-06-08,-0.11564944716927587
2023-06-09,-0.1911154982643696
2023-06-10,0.051436409996626006
2023-06-11,-0.5736368097076405
2023-06-12,-1.0996248448017276
2023-06-13,0.20101659001733663
2023-06-14,-0.0938286575095158
2023-06-15,-0.42384481024474235
2023-06-16,-0.6029482564767953
2023-06-17,-0.26447030743569194
2023-06-18,-1.1582765288129486
2023-06-19,-0.002646110088595932
2023-06-20,-0.6645989451117951
2023-06-21,0.6906500481876522
2023-06-22,-0.534602133899973
2023-06-23,-1.094406014495352
2023-06-24,-0.09720258005019773
2023-06-25,-0.18972653175884974
2023-06-26,3.3476536247331175
2023-06-27,-0.1486344156665727
2023-06-28,-0.6289824026019738
2023-06-29,-0.298647825453656
2023-06-30,-1.048595255767874
2023-07-01,-0.3546112636793585
2023-07-02,-0.4748883755824738
2023-07-03,1.2060603565726018
2023-07-04,2.887009088727677
2023-07-05,-0.44605415541383714
2023-07-06,-0.1806084552859399
2023-07-07,-0.3858648462261319
2023-07-08,-0.5911212371663237
2023-07-09,-0.7963776281065156
2023-07-10,-0.32234286598648554
2023-07-11,-0.12684774672826934
2023-07-12,4.774807068357424
2023-07-13,-0.5225560217646836
2023-07-14,-0.14118918154478047
2023-07-15,-0.6367542258653981
2023-07-16,-0.32252626932104395
2023-07-17,-0.9533218941173205
2023-07-18,-0.6135514221982207
2023-07-19,-0.4719033650894908
2023-07-20,-0.6507410832786853
2023-07-21,1.0659678228662404
2023-07-22,-0.2077124660806548
2023-07-23,0.13115418108512905
2023-07-24,-0.5294784636830097
2023-07-25,-0.961848188213286
2023-07-26,0.16321018887443195
2023-07-27,-0.46385094613341976
2023-07-28,-1.0582916731213967
2023-07-29,-0.13637662670444167
2023-07-30,-0.6965945196483615
2023-07-31,-0.7984563537314693
2023-08-01,-0.9535501499780986
2023-08-02,-0.5546518548892708
2023-08-03,-0.6189869208685372
2023-08-04,-0.5784395597429629
2023-08-05,-0.50806052672099
2023-08-06,-0.5721888182759227
2023-08-07,-0.6363171098308555
2023-08-08,-0.9380045781440831
2023-08-09,-0.507101117636691
2023-08-10,-0.6769418041276306
2023-08-11,0.13603683136787487
2023-08-12,-0.9432947517771404
2023-08-13,-0.7742399471486303
2023-08-14,-0.602596174842121
2023-08-15,-0.500263852733579
2023-08-16,-1.2117945773599261
2023-08-17,-0.5950254392161207
2023-08-18,-0.823402986538082
2023-08-19,-0.16945543609920333
2023-08-20,-1.0075328928020917
2023-08-21,-0.941366021842017
2023-08-22,-0.6743578992944034
2023-08-23,-0.7556187684232817
2023-08-24,-1.010982668879763
2023-08-25,-0.5814766961447958
2023-08-26,-1.3172829948955256
2023-08-27,-0.4883956175882026
2023-08-28,-1.1952874750383444
2023-08-29,-0.2036479287284648
2023-08-30,-1.2344386426257559
2023-08-31,-0.6901593230585885
2023-09-01,-0.569719166161512
2023-09-02,-0.49914446488525127
2023-09-03,-0.3858994661012982
2023-09-04,-0.5326086922517423
2023-09-05,-0.7836830439943698
2023-09-06,-0.8458724977515533
2023-09-07,3.062204018795726
2023-09-08,-0.9471834800619302
2023-09-09,-0.002530128158712878
2023-09-10,-0.8580616530785705
2023-09-11,-0.8861094565772314
2023-09-12,-0.914157260075892
2023-09-13,-0.8009142935606152
2023-09-14,-0.5810188474043736
2023-09-15,-0.36112340124813186
2023-09-16,-0.9297009422565773
2023-09-17,-0.638738575785341
2023-09-18,-0.4415050467708259
2023-09-19,-0.4198557877180957
2023-09-20,0.13412378912077733
2023-09-21,-0.37628501691771116
2023-09-22,0.3082471431351411
2023-09-23,-0.319804740679225
2023-09-24,-0.8747546723301786
2023-09-25,-0.38814284114285214
2023-09-26,-1.0406533993585496
2023-09-27,-0.7395137522419571
2023-09-28,-0.6705446145274843
2023-09-29,-0.9269068224038017
2023-09-30,-0.4394629376358782
2023-10-01,-0.4275163710118811
2023-10-02,-0.45993440785622036
2023-10-03,0.5408589400706646
2023-10-04,-0.9692713169564963
2023-10-05,-1.2724639226704597
2023-10-06,-0.9789847411899927
2023-10-07,-1.2131964933388346
2023-10-08,-0.8960675017824241
2023-10-09,-1.283808784454836
2023-10-10,-0.18472953962269628
2023-10-11,-0.13531068395691176
2023-10-12,-0.7217966478467793
2023-10-13,-0.7486243057553819
2023-10-14,-0.6269658929215776
2023-10-15,-0.6794976315646751
2023-10-16,-0.7320293702077728
2023-10-17,-0.3236133547935726
2023-10-18,-0.6706946458711511
2023-10-19,-0.33009536487056884
2023-10-20,-0.5584504859294201
2023-10-21,-0.28867783621326165
2023-10-22,-0.174381940600749
2023-10-23,-0.2424603385198731
2023-10-24,-0.3105387364389972
2023-10-25,-1.2340237888466756
2023-10-26,-0.23634795176507117
2023-10-27,-0.1991848171389052
2023-10-28,-0.44950013435792935
2023-10-29,-0.4037212145063766
2023-10-30,0.01352611357438535
2023-10-31,-0.5694606045397744
2023-11-01,-1.1524473226539345
2023-11-02,-0.245764094310475
2023-11-03,-0.2882873553967601
2023-11-04,-0.3308106164830449
2023-11-05,-0.37333387756932984
2023-11-06,-1.1997435628221287
2023-11-07,-0.2416437587042834
2023-11-08,0.4578518529953109
2023-11-09,1.3715261925460462
2023-11-10,1.5687930460130046
2023-11-12,1.963326752946921
2023-11-13,2.160593606413879
2023-11-14,2.3578604598808375
2023-11-15,2.555127313347796
2023-11-16,2.2864596116762135
2023-11-17,1.1044046194909354
2023-11-18,4.774807068357424
2023-11-19,-0.09599926307093108
2023-11-20,-0.12930935890256665
2023-11-21,-0.9339127299531932
2023-11-22,-0.7306002931362773
2023-11-23,-0.4300600672310827
2023-11-24,-0.12951984132588812
2023-11-25,0.17102038457930624
2023-11-26,0.4715606104845008
2023-11-27,0.6580785572313497
2023-11-28,0.44528669944014687
2023-11-29,0.23249484164894407
2023-11-30,0.01970298385774124
2023-12-01,-0.19308887393346158
2023-12-02,-0.40588073172466443
2023-12-03,-0.42101616559369737
2023-12-04,-0.4361515994627303
2023-12-05,-0.45128703333176323
2023-12-06,2.195468988856757
2023-12-07,4.774807068357424
2023-12-08,3.929564791390831
2023-12-09,3.0169045717363856
2023-12-10,2.10424435208194
2023-12-11,1.1915841324274945
2023-12-12,1.2051090587360889
2023-12-13,1.4158161012270771
2023-12-14,1.6265231437180652
2023-12-15,1.8372301862090528
2023-12-16,2.047937228700041
2023-12-17,2.2586442711910286
2023-12-18,2.8275675474512654
2023-12-19,4.774807068357424
2023-12-20,4.774807068357424
2023-12-21,2.907896353988381
2023-12-22,1.466279542992374
2023-12-23,0.02466273199636754
2023-12-24,-0.3103369357248445
2023-12-25,-0.05712748964187891
2023-12-26,0.1960819564410867
2023-12-27,0.23396596410127168
2023-12-28,0.2718499717614565
2023-12-29,0.30973397942164144
2023-12-30,-0.2605008588652414
2023-12-31,-0.5250808481909586
2024-01-02,-0.10533834341429092
2024-01-03,0.10453290897404295
2024-01-04,0.3144041613623768
2024-01-05,0.5242754137507107
2024-01-06,0.46638332581101677
2024-01-07,0.4084912378713226
2024-01-08,0.3505991499316286
2024-01-09,0.2927070619919347
2024-01-10,0.6886767866108369
2024-01-11,0.639948688371906
2024-01-12,0.6195940914273577
2024-01-13,0.47734941886607957
2024-01-14,0.33510474630480147
2024-01-15,0.1928600737435234
2024-01-16,0.05061540118224532
2024-01-17,-0.09162927137903275
2024-01-18,-0.23387394394031083
2024-01-19,-0.3761186165015889
2024-01-20,-0.518363289062867
2024-01-21,-0.6606079616241451
2024-01-22,-0.13066870598347854
2024-01-23,0.39927054965718817
2024-01-24,0.9292098052978549
2024-01-25,1.4591490609385216
2024-01-26,1.0484350963438165
2024-01-27,0.6377211317491118
2024-01-28,0.22700716715440664
2024-01-29,-0.1837067974402983
2024-01-30,-0.5944207620350033
2024-01-31,-1.0051347266297086
2024-02-01,-0.6559399117828278
2024-02-02,0.08159689345712705
2024-02-03,0.8191336986970816
2024-02-04,1.5566705039370368
2024-02-05,1.7497663339270222
2024-02-06,1.942862163917008
2024-02-07,1.1138053833482287
2024-02-08,0.28474860277944924
2024-02-09,-0.5443081777893299
2024-02-10,-0.34823950714919366
2024-02-11,-0.1521708365090572
2024-02-12,0.04389783413107903
2024-02-13,1.0074741388311266
2024-02-14,0.48296160210355715
2024-02-15,-0.04155093462401207
2024-02-16,1.3329159400071544
2024-02-17,1.122500768734582
2024-02-18,0.9120855974620097
2024-02-19,0.7016704261894373
2024-02-20,0.49125525491686467
2024-02-21,4.774807068357424
2024-02-22,2.9860363715075056
2024-02-23,2.581163616530077
2024-02-24,2.176290861552649
2024-02-25,1.7714181065752208
2024-02-26,1.3665453515977923
2024-02-27,1.085015082763759
2024-02-28,0.8034848139297257
2024-02-29,0.521954545095692
2024-03-01,0.2404242762616586
2024-03-02,0.5520906829282225
2024-03-03,0.8637570895947865
2024-03-04,0.4790786735094925
2024-03-05,0.09440025742419848
2024-03-06,-0.2902781586610955
2024-03-07,0.10046706669144007
2024-03-08,0.49121229204397543
2024-03-09,0.5068909596493569
2024-03-10,0.5225696272547388
2024-03-11,0.5382482948601203
2024-03-12,0.5539269624655021
2024-03-13,0.5696056300708836
2024-03-14,0.5852842976762652
2024-03-15,0.6009629652816469
2024-03-16,0.6166416328870286
2024-03-17,0.6323203004924103
2024-03-18,0.6479989680977919
2024-03-19,-0.34719997200984076
2024-03-20,0.3102995205749785
2024-03-21,0.14018693792747933
2024-03-22,0.1271109647271197
2024-03-24,-0.8011795581036002
2024-03-25,-0.7660620801691058
2024-03-26,-0.7309446022346116
2024-03-27,0.7710052385637207
2024-03-28,0.16064405747866137
2024-03-29,-0.44971712360639804
2024-03-30,-0.5725345357007957
2024-03-31,-0.23489897985285196
2024-04-01,-0.6036893119591519
2024-04-02,-0.9724796440654516
2024-04-03,-1.3412699761717515
2024-04-04,4.766474513643203
2024-04-05,4.292999950543353
2024-04-06,3.8195253874435022
2024-04-07,3.3460508243436524
2024-04-08,2.8725762612438026
2024-04-09,2.3991016981439524
2024-04-10,1.925627135044102
2024-04-11,1.4521525719442523
2024-04-12,0.9786780088444019
2024-04-13,0.5052034457445521
2024-04-14,0.031728882644701764
2024-04-15,-0.44174568045514806
2024-04-16,-0.9152202435549991
2024-04-17,-0.7559387794320939
2024-04-18,-0.5966573153091885
2024-04-19,-1.1926439035098635
2024-04-20,-1.343278021456677
2024-04-21,-1.343278021456677
2024-04-22,-1.343278021456677
2024-04-23,-1.343278021456677
2024-04-24,-1.2427225868994052
2024-04-25,-1.106245610696622
2024-04-26,-0.9697686344938387
2024-04-27,-0.8332916582910553
2024-04-28,-0.6968146820882718
2024-04-29,-0.2097478366405186
2024-04-30,-0.7976760338675216
2024-05-01,-0.19427014971105194
2024-05-02,0.4004436856639233
2024-05-03,0.147022562754116
2024-05-04,-0.011724860379931585
2024-05-05,-0.09406575552172704
2024-05-06,-0.20092814712463053
2024-05-07,-0.6764927084040501
2024-05-08,-0.5217607807701931
2024-05-09,-0.3670288531363361
2024-05-10,-0.7526342214301722
2024-05-11,0.3387583414999205
2024-05-12,-0.996090810136558
2024-05-13,-0.8601341571090687
2024-05-14,-0.7241775040815793
2024-05-15,-0.572545695351596
2024-05-16,-1.213563774203976
2024-05-17,-0.7180570239059095
2024-05-18,-0.971226894230446
2024-05-19,-0.6045545331153117
2024-05-20,-0.7965729754762756
2024-05-21,-0.60821643169278
2024-05-22,-0.2870289532402201
2024-05-23,-0.6858246722416599
2024-05-24,-0.6855903552286897
2024-05-25,-0.6853560382157197
2024-05-26,-0.8745012805147223
2024-05-27,-0.18771554842309895
2024-05-28,-0.5972876573102239
2024-05-29,-1.006859766197349
2024-05-30,-0.27457506817776417
2024-05-31,-1.343278021456677
2024-06-01,-0.5606934687787735
2024-06-02,-0.2285026994255342
2024-06-03,0.10368806992770499
2024-06-04,0.11435641086211114
2024-06-05,-0.3284070844082801
2024-06-06,-0.6961452100017624
2024-06-07,-0.233703649332944
2024-06-08,-1.1972514844446083
2024-06-09,-1.139035846852837
2024-06-10,-1.080820209261066
2024-06-11,-1.0226045716692946
2024-06-12,-0.994184221233853
2024-06-13,-0.9657638707984112
2024-06-14,-0.9373435203629693
2024-06-15,-0.9089231699275276
2024-06-16,-0.8805028194920858
2024-06-17,-0.856566188563656
2024-06-18,-0.8326295576352262
2024-06-19,-0.2984155050555256
2024-06-20,-0.33414014999738056
2024-06-21,-0.8043211602461517
2024-06-22,-0.42461824891826044
2024-06-23,-0.49702826707821707
2024-06-24,-0.5354664363756143
2024-06-25,-0.5739046056730116
2024-06-26,-0.29229602318727566
2024-06-27,-1.0932365686606869
2024-06-28,-0.9220878855267433
2024-06-29,-0.7509392023927997
2024-06-30,1.3050449795371508
2024-07-01,1.086998594818546
2024-07-02,0.8689522100999411
2024-07-03,0.6509058253813363
2024-07-04,0.43285944066273147
2024-07-05,0.21481305594412653
2024-07-06,-0.0032333287744781302
2024-07-07,-0.05170015570010334
2024-07-08,-0.10016698262572855
2024-07-09,-0.9761970746816094
2024-07-10,-0.5685354231384414
2024-07-11,-0.16087377159527316
2024-07-12,-0.4198790696732797
2024-07-13,-0.11812877930027525
2024-07-14,-0.04963465764846239
2024-07-15,-0.2979309337647043
2024-07-16,-1.2257258860960667
2024-07-17,-0.1929855419847411
2024-07-18,-0.564289265143514
2024-07-19,-0.290994372927155
2024-07-20,-0.7119559394172538
2024-07-21,0.1624682325384752
2024-07-22,-0.5773261617391542
2024-07-23,-0.7204050073035277
2024-07-24,0.15910939157059997
2024-07-25,-0.20948934632645394
2024-07-26,-0.5283513746060147
2024-07-27,-0.8171640999716524
2024-07-28,-0.4869133449927644
2024-07-29,-0.4736471229212532
2024-07-30,-0.5763484978906068
2024-07-31,-0.9289907891427096
2024-08-01,-1.036603569213884
2024-08-02,-1.144216349285058
2024-08-03,-1.121786663406871
2024-08-04,-0.8032022715515339
2024-08-05,-0.1362746567322728
2024-08-06,-0.5551972872788656
2024-08-07,-0.5974092547193437
2024-08-08,-0.6396212221598219
2024-08-09,-0.6501411361732001
2024-08-10,-0.8950508326368303
2024-08-11,-1.0946509920054126
2024-08-13,-0.7360032755077762
2024-08-14,-1.110265803589761
2024-08-15,-0.014554562761457081
2024-08-16,-0.40061444616201014
2024-08-17,-0.8085289190592517
2024-08-18,-0.12171951282024378
2024-08-19,-0.360983745170864
2024-08-20,-0.8687178717085929
2024-08-21,-0.8889980947503636
2024-08-22,-0.7063821216885354
2024-08-23,-0.5237661486267072
2024-08-24,-0.3678740986364095
2024-08-25,-0.18084958218166677
2024-08-26,-0.8868175061147502
2024-08-27,-0.5299203216777963
2024-08-28,-0.45524038419506907
2024-08-29,-0.3805604467123417
2024-08-30,-1.0213786858115723
2024-08-31,-0.2805277613992285
2024-09-01,-0.48321165673384836
2024-09-02,-0.6005513203617687
2024-09-03,-1.0401545665331593
2024-09-04,-0.7140611914965062
2024-09-05,-0.38796781645985307
2024-09-06,-0.5621222606195775
2024-09-07,-0.7792445335519418
2024-09-08,-0.9076681192316114
2024-09-09,-1.0360917049112812
2024-09-10,-0.8043013901938554
2024-09-11,-0.5725110754764295
2024-09-12,-0.1605864729813788
2024-09-13,-0.8800905898353664
2024-09-14,-0.5656392263519875
2024-09-15,-1.2716923415618193
2024-09-16,0.43105653311634384
2024-09-17,-0.518068273374156
2024-09-18,3.0702195538580175
2024-09-19,4.774807068357424
2024-09-20,-0.8885400142600046
2024-09-21,-0.40636608739988683
2024-09-22,-0.14814763383789328
2024-09-23,-0.15988171072757834
2024-09-24,-0.17161578761726315
2024-09-25,-0.1833498645069482
2024-09-26,-0.19508394139663301
2024-09-27,-0.20681801828631807
2024-09-28,-0.9147795264829779
2024-09-29,-0.5383355897271417
2024-09-30,-0.5068563183958126
2024-10-01,-0.4293218456344913
2024-10-02,-0.19826944054258838
2024-10-03,0.03278296454931477
2024-10-04,-0.3531192932404134
2024-10-05,-0.07765475811622258
2024-10-06,-1.343278021456677
2024-10-07,-0.6840332808844367
2024-10-08,-0.9745845229678828
2024-10-09,-0.7812894236861305
2024-10-10,-0.5879943244043783
2024-10-11,-1.0310157751812878
2024-10-12,-0.9712205478475627
2024-10-13,-0.6682962122949947
2024-10-14,-0.49899707192547965
2024-10-15,-0.0008875202608817613
2024-10-16,0.04338085350294967
2024-10-17,1.2868105379754788
2024-10-18,0.18256950897524007
2024-10-19,0.05320141751489623
2024-10-20,-0.07616667394544761
2024-10-21,-0.20553476540579146
2024-10-22,-0.3349028568661353
2024-10-23,-0.4642709483264793
2024-10-24,-0.2731253356503679
2024-10-25,-0.08197972297425639
2024-10-26,0.10916588970185513
2024-10-27,-0.1999964054173956
2024-10-28,0.09783627706331673
2024-10-29,-0.8940509207943551
2024-10-30,-0.695066752757648
2024-10-31,-0.49608258472094086
2024-11-01,-0.5345044245612564
2024-11-02,-0.572926264401572
2024-11-03,-0.7237360501636053
2024-11-04,-0.8745458359256385
2024-11-05,-1.0253556216876718
2024-11-06,-0.3650934559338016
2024-11-07,0.2951687098200685
2024-11-08,0.11047522081702217
2024-11-09,-0.0742182681860239
2024-11-10,-0.2589117571890702
2024-11-11,-0.44360524619211655
2024-11-12,-0.6282987351951629
2024-11-13,-0.8129922241982092
2024-11-14,-0.9976857132012554
2024-11-15,-0.9493157746378502
2024-11-16,-0.9009458360744449
2024-11-17,-0.8525758975110397
2024-11-18,-0.8042059589476345
2024-11-19,-0.7558360203842293
2024-11-20,-0.7074660818208239
2024-11-21,-0.6590961432574187
2024-11-22,-0.6107262046940135
2024-11-23,-0.5623562661306082
2024-11-24,-0.513986327567203
2024-11-25,-0.4656163890037978
2024-11-26,-0.41724645044039266
2024-11-27,-0.3688765118769872
2024-11-28,-0.32050657331358207
2024-11-29,-0.2721366347501769
2024-11-30,-0.22376669618677147
2024-12-01,-0.1753967576233663
2024-12-02,-0.12702681905996113
2024-12-03,-0.07865688049655595
2024-12-04,-0.10483481854402717
2024-12-05,-0.13101275659149839
2024-12-06,-0.15719069463896984
2024-12-07,-0.18336863268644107
2024-12-08,-0.2095465707339123
2024-12-09,-0.2357245087813835
2024-12-10,-0.2619024468288547
2024-12-11,-0.288080384876326
2024-12-12,-0.3142583229237974
2024-12-13,-0.3404362609712686
2024-12-14,-0.2101879832511572
2024-12-15,-0.07993970553104551
2024-12-16,0.050308572189066175
2024-12-17,0.1805568499091776
2024-12-18,0.3108051276292891
2024-12-19,0.44105340534940074
2024-12-20,0.7882287601609214
2024-12-21,1.135404114972442
2024-12-22,1.4825794697839627
2024-12-23,1.8297548245954833
2024-12-24,1.4509116461098652
2024-12-25,1.072068467624247
2024-12-26,0.6932252891386288
2024-12-27,0.3143821106530108
2024-12-28,-0.06446106783260741
2024-12-29,-0.4433042463182256
2024-12-30,-0.33731248574692846
2024-12-31,-0.23132072517563151
2025-01-01,-0.12532896460433435
2025-01-02,-0.0193372040330374
2025-01-03,0.08665455653825978
2025-01-04,0.3212814637410999
2025-01-05,0.5559083709439397
2025-01-06,0.7905352781467802
2025-01-07,1.02516218534962
2025-01-08,0.8704347857529887
2025-01-09,0.7157073861563574
2025-01-10,0.6684304149059808
2025-01-11,0.6211534436556042
2025-01-12,0.5738764724052275
2025-01-13,0.5265995011548511
2025-01-14,0.4793225299044744
2025-01-15,0.4320455586540979
2025-01-16,0.3847685874037212
2025-01-17,0.3374916161533447
2025-01-18,0.290214644902968
2025-01-19,0.18312968422619572
2025-01-20,0.0760447235494234
2025-01-21,-0.03104023712734891
2025-01-22,-0.13812519780412122
2025-01-23,0.3930736573677584
2025-01-24,0.924272512539638
2025-01-25,1.4554713677115179
2025-01-26,0.7093187534769525
2025-01-27,0.5556593953423132
2025-01-28,0.4020000372076743
2025-01-29,0.2483406790730353
2025-02-01,-0.21263739533088208
2025-02-02,-0.36629675346552126
2025-02-03,-0.5199561116001602
2025-02-04,-0.6736154697347995
2025-02-05,-0.8272748278694384
2025-02-06,-0.9809341860040777
2025-02-07,0.32864787614402075
2025-02-08,1.6382299382921188
2025-02-09,1.495234736627993
2025-02-10,1.3522395349638672
2025-02-11,1.2092443332997413
2025-02-12,1.0662491316356155
2025-02-13,0.19302285727601742
2025-02-14,-0.08917244474189093
2025-02-15,-0.37136774675979906
2025-02-16,-0.6827002195944276
2025-02-17,-0.07666624361679061
2025-02-18,0.5293677323608466
2025-02-19,1.1354017083384835
2025-02-20,1.061112952864374
2025-02-21,0.9868241973902646
2025-02-22,0.9125354419161551
2025-02-23,0.8382466864420457
2025-02-24,0.7639579309679363
2025-02-25,0.6896691754938269
2025-02-26,0.5976533673552769
2025-02-27,0.5056375592167268
2025-02-28,0.4136217510781768
2025-03-01,0.3216059429396265
2025-03-02,0.2295901348010765
2025-03-03,0.1375743266625265
2025-03-04,0.04555851852397647
2025-03-05,-0.046457289614573787
2025-03-06,-0.1384730977531238
2025-03-07,-0.2304889058916738
2025-03-08,-0.32250471403022385
2025-03-09,-0.4145205221687739
2025-03-10,-0.5065363303073239
2025-03-11,-0.5985521384458741
2025-03-12,-0.2701393743884138
2025-03-13,-0.1581985295562056
2025-03-14,-0.0462576847239977
2025-03-15,0.06568316010821044
2025-03-16,0.1776240049404186
2025-03-17,0.28956484977262675
2025-03-18,0.40150569460483465
2025-03-19,0.5134465394370428
2025-03-20,0.625387384269251
2025-03-21,0.7373282291014589
2025-03-22,0.7306986834493454
2025-03-23,0.7240691377972323
2025-03-24,0.7174395921451189
2025-03-25,0.7108100464930057
2025-03-26,0.7041805008408922
2025-03-27,0.458447343371243
2025-03-28,0.2652141676725897
2025-03-29,0.07198099197393643
2025-03-30,-0.12125218372471684
2025-03-31,-0.31448535942336986
2025-04-01,-0.5077185351220233
2025-04-02,-0.4340156672572362
2025-04-03,-0.3603127993924493
2025-04-04,-0.2866099315276621
2025-04-05,-0.21290706366287518
2025-04-06,-0.13920419579808802
2025-04-07,-0.06550132793330109
2025-04-08,-0.06805858271226366
2025-04-09,-0.07061583749122621
2025-04-10,-0.07317309227018877
2025-04-11,-0.07573034704915134
2025-04-12,-0.0782876018281139
2025-04-13,-0.08084485660707647
2025-04-14,-0.08340211138603902
2025-04-15,-0.08595936616500159
2025-04-16,-0.08851662094396415
2025-04-17,-0.09107387572292672
2025-04-18,-0.09363113050188927
2025-04-19,-0.09618838528085184
2025-04-20,-0.0987456400598144
2025-04-21,-0.10130289483877697
2025-04-22,-0.10386014961773953
2025-04-23,2.1072823620027656
2025-04-24,4.31842487362327
2025-04-25,2.372965445373566
2025-04-26,0.4275060171238601
2025-04-27,1.217948575693293
2025-04-28,0.22693507509715974
2025-04-29,0.6731411621971831
2025-04-30,-0.15659295807134294
2025-05-01,0.8900603508772836
2025-05-02,0.3565908279491837
2025-05-03,-0.17687869497891634
2025-05-04,-0.7103482179070163
2025-05-05,-1.2438177408351163
2025-05-06,-1.2823868049925573
2025-05-07,-1.320955869149998
2025-05-08,-1.343278021456677
2025-05-09,-1.343278021456677
2025-05-10,-1.343278021456677
2025-05-11,0.4013842338687545
2025-05-12,0.30478699773337703
2025-05-13,0.20818976159799932
2025-05-14,0.1115925254626216
2025-05-15,0.014995289327244149
2025-05-16,-0.08160194680813355
2025-05-17,-0.178199182943511
2025-05-18,-0.3701729599608964
2025-05-19,-0.5621467369782818
2025-05-20,-0.7541205139956672
2025-05-21,-0.9460942910130525
2025-05-22,-0.6519731491347209
2025-05-23,-0.3578520072563896
2025-05-24,-0.063730865378058
2025-05-25,-1.0280088732327413
2025-05-26,-0.5303931034333739
2025-05-27,-0.03277733363400645
2025-05-28,0.4648384361653612
2025-05-29,0.3028189891551277
2025-05-30,-0.09489135575793141
2025-05-31,-0.2565227761240704
2025-06-01,-0.4181541964902091
2025-06-02,-0.579785616856348
2025-06-03,-0.7414170372224869
2025-06-04,-0.9030484575886258
2025-06-05,-1.0646798779547646
2025-06-06,-0.3417862221797421
2025-06-07,-0.57298429102035
2025-06-08,-0.804182359860958
2025-06-09,-0.8792372865682614
2025-06-10,-0.9542922132755648
2025-06-11,-0.26969477104822226
2025-06-12,-1.2207758678894003
2025-06-13,-1.1348750025461631
2025-06-14,-1.048974137202926
2025-06-15,-0.9630732718596889
2025-06-16,-0.7636200954317591
2025-06-17,-1.046350953726573
2025-06-18,-0.8773864602657216
2025-06-19,-0.7084219668048702
2025-06-20,-0.539457473344019
2025-06-21,-0.37049297988316754
2025-06-22,-0.4273719908012873
2025-06-23,-0.48425100171940716
2025-06-24,0.31195952754498396
2025-06-25,-0.18505929839038623
2025-06-26,-0.6820781243257567
2025-06-27,-1.179096950261127
2025-06-28,-0.9106175044112408
2025-06-29,-0.6421380585613545
2025-06-30,-0.37365861271146805
2025-07-01,-0.1969117424516112
2025-07-02,-0.7000154339454486
2025-07-03,-0.7230687410765055
2025-07-04,-0.7461220482075626
2025-07-05,-0.7691753553386195
2025-07-06,-0.8967159618746683
2025-07-07,-1.0242565684107172
2025-07-08,-1.1517971749467661
2025-07-09,1.646323145237058
2025-07-10,0.031237869894099848
2025-07-11,-0.8023353841727519
2025-07-12,-1.3347902942902738
2025-07-13,-1.343278021456677
2025-07-14,2.333547276901335
2025-07-15,-0.2550147317472046
2025-07-16,0.037588638199223694
2025-07-17,-0.2963311104705805
2025-07-18,3.034424332146964
2025-07-19,0.3394404706983601
2025-07-20,0.06938201982943695
2025-07-21,-0.3299630891374405
2025-07-22,-0.14039755941468673
2025-07-23,-0.5974841277758314
2025-07-24,-0.6759132266006717
2025-07-25,-1.1312756110862499
2025-07-26,-0.5861771196695851
2025-07-27,-0.27472502821375805
2025-07-28,-0.5091737464556165
2025-07-29,-0.6156521818940837
2025-07-30,-0.8305856301546208
2025-07-31,-0.5979699826047638
2025-08-01,-1.0331579289812376
2025-08-02,-0.38542313084669066
2025-08-03,-0.2987157816658777
2025-08-04,-0.4387947134336436
2025-08-05,-0.5788736452014095
2025-08-06,-0.7189525769691755
2025-08-07,-0.3538709830737136
2025-08-08,-1.2131055011829002
2025-08-09,-0.49574455069781714
2025-08-10,-0.6431037462862474
2025-08-11,-0.8376070471228564
2025-08-12,-0.6307567870792232
2025-08-13,-0.6637552327266879
2025-08-14,-0.6702707574099213
2025-08-15,-0.05099520804635335
2025-08-16,-1.0195007804202696
2025-08-17,-1.2790635440576634
2025-08-18,-0.949755286359998
2025-08-19,-0.6204470286623325
2025-08-20,-0.29113877096466695
2025-08-21,-0.5546640841551639
2025-08-22,-0.8181893973456605
2025-08-23,-1.0817147105361573
2025-08-24,-0.5018846048296829
2025-08-25,-0.7344793948852327
2025-08-26,-0.201666538076945
2025-08-27,1.6116579896983405
2025-08-28,-1.0995137474474346
2025-08-29,-0.9868295835104108
2025-08-30,-0.5089798965469863
2025-08-31,-0.557356447958789
2025-09-01,-1.058806193634813
2025-09-02,-0.6273471037406093
2025-09-03,-1.2309590171562312
2025-09-04,-0.7965948312780027
2025-09-05,0.10375641833212725
2025-09-06,-0.266921009536044
2025-09-07,-0.7749973059419217
2025-09-08,-0.6355726577263492
2025-09-09,-0.49614800951077653
2025-09-10,-0.5396458503887583
2025-09-11,-0.5831436912667401
2025-09-12,-0.685183152762906
2025-09-13,-1.0324325873330538
2025-09-14,-0.1808366041852088
2025-09-15,-0.54253240281246
2025-09-16,-0.7035896597391534
2025-09-17,-0.7815800024529757
2025-09-18,-0.859570345166798
2025-09-19,-0.9375606878806202
2025-09-20,-1.0155510305944424
2025-09-21,-1.0935413733082646
2025-09-22,-0.13087844858969408
2025-09-23,2.5105767751225145
2025-09-24,0.8299237380598109
2025-09-25,-0.5128009538502455
2025-09-26,-0.46274375189714856
2025-09-27,-0.12288571415579458
2025-09-28,-0.7460165841594242
2025-09-29,-0.4910285963618822
2025-09-30,-0.23604060856434017
2025-10-01,0.018947379233201708
2025-10-02,0.27393536703074356
2025-10-03,0.5289233548282857
2025-10-04,-0.6069488308464429
2025-10-05,-1.1889492711451757
2025-10-06,0.08446755021209035
2025-10-07,-0.039257252019265686
2025-10-08,2.2600454669624415
2025-10-09,-0.40661291890944135
2025-10-10,-0.3078688702061546
2025-10-11,-0.45661434489218444
2025-10-12,-0.6053598195782143
2025-10-13,-0.7541052942642441
2025-10-14,-0.9028507689502739
2025-10-15,-0.8183036946317727
2025-10-16,-0.7337566203132714
2025-10-17,-0.9901853939021901
2025-10-18,-0.9091395174069407
2025-10-19,0.5421924648605472
2025-10-20,0.5421924648605472
2025-10-21,0.5421924648605472
2025-10-22,0.5421924648605472
