t,x,y,crs,NO2
2022-10-23,112.73927255226556,-7.15162402049146,b'',3.0124187e-05
2022-10-24,112.73927255226556,-7.15162402049146,b'',
2022-10-25,112.73927255226556,-7.15162402049146,b'',6.975458e-05
2022-10-26,112.73927255226556,-7.15162402049146,b'',
2022-10-27,112.73927255226556,-7.15162402049146,b'',
2022-10-28,112.73927255226556,-7.15162402049146,b'',3.203831e-05
2022-10-29,112.73927255226556,-7.15162402049146,b'',0.00017627042
2022-10-30,112.73927255226556,-7.15162402049146,b'',7.6859505e-05
2022-10-31,112.73927255226556,-7.15162402049146,b'',0.00021757101
2022-11-01,112.73927255226556,-7.15162402049146,b'',
2022-11-02,112.73927255226556,-7.15162402049146,b'',
2022-11-03,112.73927255226556,-7.15162402049146,b'',
2022-11-04,112.73927255226556,-7.15162402049146,b'',
2022-11-05,112.73927255226556,-7.15162402049146,b'',
2022-11-06,112.73927255226556,-7.15162402049146,b'',
2022-11-07,112.73927255226556,-7.15162402049146,b'',
2022-11-08,112.73927255226556,-7.15162402049146,b'',2.7255137e-05
2022-11-09,112.73927255226556,-7.15162402049146,b'',
2022-11-10,112.73927255226556,-7.15162402049146,b'',
2022-11-11,112.73927255226556,-7.15162402049146,b'',
2022-11-12,112.73927255226556,-7.15162402049146,b'',
2022-11-13,112.73927255226556,-7.15162402049146,b'',
2022-11-14,112.73927255226556,-7.15162402049146,b'',
2022-11-15,112.73927255226556,-7.15162402049146,b'',
2022-11-16,112.73927255226556,-7.15162402049146,b'',
2022-11-17,112.73927255226556,-7.15162402049146,b'',3.546491e-05
2022-11-18,112.73927255226556,-7.15162402049146,b'',
2022-11-19,112.73927255226556,-7.15162402049146,b'',
2022-11-20,112.73927255226556,-7.15162402049146,b'',
2022-11-21,112.73927255226556,-7.15162402049146,b'',
2022-11-22,112.73927255226556,-7.15162402049146,b'',5.922312e-05
2022-11-23,112.73927255226556,-7.15162402049146,b'',
2022-11-24,112.73927255226556,-7.15162402049146,b'',
2022-11-25,112.73927255226556,-7.15162402049146,b'',
2022-11-26,112.73927255226556,-7.15162402049146,b'',
2022-11-27,112.73927255226556,-7.15162402049146,b'',
2022-11-28,112.73927255226556,-7.15162402049146,b'',
2022-11-29,112.73927255226556,-7.15162402049146,b'',
2022-11-30,112.73927255226556,-7.15162402049146,b'',
2022-12-01,112.73927255226556,-7.15162402049146,b'',
2022-12-02,112.73927255226556,-7.15162402049146,b'',
2022-12-03,112.73927255226556,-7.15162402049146,b'',
2022-12-04,112.73927255226556,-7.15162402049146,b'',
2022-12-05,112.73927255226556,-7.15162402049146,b'',
2022-12-06,112.73927255226556,-7.15162402049146,b'',5.7198456e-05
2022-12-07,112.73927255226556,-7.15162402049146,b'',
2022-12-08,112.73927255226556,-7.15162402049146,b'',0.0001248137
2022-12-09,112.73927255226556,-7.15162402049146,b'',4.410643e-05
2022-12-10,112.73927255226556,-7.15162402049146,b'',3.6644156e-05
2022-12-11,112.73927255226556,-7.15162402049146,b'',1.369392e-05
2022-12-12,112.73927255226556,-7.15162402049146,b'',
2022-12-13,112.73927255226556,-7.15162402049146,b'',
2022-12-14,112.73927255226556,-7.15162402049146,b'',
2022-12-15,112.73927255226556,-7.15162402049146,b'',4.390975e-05
2022-12-16,112.73927255226556,-7.15162402049146,b'',
2022-12-17,112.73927255226556,-7.15162402049146,b'',
2022-12-18,112.73927255226556,-7.15162402049146,b'',2.4731742e-05
2022-12-19,112.73927255226556,-7.15162402049146,b'',
2022-12-20,112.73927255226556,-7.15162402049146,b'',
2022-12-21,112.73927255226556,-7.15162402049146,b'',9.5636045e-05
2022-12-22,112.73927255226556,-7.15162402049146,b'',
2022-12-23,112.73927255226556,-7.15162402049146,b'',
2022-12-24,112.73927255226556,-7.15162402049146,b'',
2022-12-25,112.73927255226556,-7.15162402049146,b'',
2022-12-26,112.73927255226556,-7.15162402049146,b'',
2022-12-27,112.73927255226556,-7.15162402049146,b'',
2022-12-28,112.73927255226556,-7.15162402049146,b'',
2022-12-29,112.73927255226556,-7.15162402049146,b'',
2022-12-30,112.73927255226556,-7.15162402049146,b'',
2022-12-31,112.73927255226556,-7.15162402049146,b'',
2023-01-01,112.73927255226556,-7.15162402049146,b'',1.9090048e-05
2023-01-02,112.73927255226556,-7.15162402049146,b'',
2023-01-03,112.73927255226556,-7.15162402049146,b'',
2023-01-04,112.73927255226556,-7.15162402049146,b'',2.6787517e-05
2023-01-05,112.73927255226556,-7.15162402049146,b'',7.948015e-05
2023-01-06,112.73927255226556,-7.15162402049146,b'',
2023-01-07,112.73927255226556,-7.15162402049146,b'',3.9210012e-05
2023-01-08,112.73927255226556,-7.15162402049146,b'',6.615612e-05
2023-01-09,112.73927255226556,-7.15162402049146,b'',
2023-01-10,112.73927255226556,-7.15162402049146,b'',8.674984e-05
2023-01-11,112.73927255226556,-7.15162402049146,b'',0.00021952108
2023-01-12,112.73927255226556,-7.15162402049146,b'',2.7864498e-05
2023-01-13,112.73927255226556,-7.15162402049146,b'',0.00013790427
2023-01-14,112.73927255226556,-7.15162402049146,b'',3.820992e-05
2023-01-15,112.73927255226556,-7.15162402049146,b'',
2023-01-16,112.73927255226556,-7.15162402049146,b'',
2023-01-17,112.73927255226556,-7.15162402049146,b'',
2023-01-18,112.73927255226556,-7.15162402049146,b'',
2023-01-19,112.73927255226556,-7.15162402049146,b'',
2023-01-20,112.73927255226556,-7.15162402049146,b'',
2023-01-21,112.73927255226556,-7.15162402049146,b'',
2023-01-22,112.73927255226556,-7.15162402049146,b'',6.18987e-05
2023-01-23,112.73927255226556,-7.15162402049146,b'',
2023-01-24,112.73927255226556,-7.15162402049146,b'',
2023-01-25,112.73927255226556,-7.15162402049146,b'',
2023-01-26,112.73927255226556,-7.15162402049146,b'',
2023-01-27,112.73927255226556,-7.15162402049146,b'',
2023-01-28,112.73927255226556,-7.15162402049146,b'',
2023-01-29,112.73927255226556,-7.15162402049146,b'',
2023-01-30,112.73927255226556,-7.15162402049146,b'',
2023-01-31,112.73927255226556,-7.15162402049146,b'',
2023-02-01,112.73927255226556,-7.15162402049146,b'',
2023-02-02,112.73927255226556,-7.15162402049146,b'',
2023-02-03,112.73927255226556,-7.15162402049146,b'',
2023-02-04,112.73927255226556,-7.15162402049146,b'',
2023-02-05,112.73927255226556,-7.15162402049146,b'',
2023-02-06,112.73927255226556,-7.15162402049146,b'',
2023-02-07,112.73927255226556,-7.15162402049146,b'',
2023-02-08,112.73927255226556,-7.15162402049146,b'',
2023-02-09,112.73927255226556,-7.15162402049146,b'',
2023-02-10,112.73927255226556,-7.15162402049146,b'',
2023-02-11,112.73927255226556,-7.15162402049146,b'',
2023-02-12,112.73927255226556,-7.15162402049146,b'',
2023-02-13,112.73927255226556,-7.15162402049146,b'',
2023-02-14,112.73927255226556,-7.15162402049146,b'',
2023-02-15,112.73927255226556,-7.15162402049146,b'',
2023-02-16,112.73927255226556,-7.15162402049146,b'',
2023-02-17,112.73927255226556,-7.15162402049146,b'',
2023-02-18,112.73927255226556,-7.15162402049146,b'',5.78724e-05
2023-02-19,112.73927255226556,-7.15162402049146,b'',
2023-02-20,112.73927255226556,-7.15162402049146,b'',7.396572e-05
2023-02-21,112.73927255226556,-7.15162402049146,b'',3.096326e-05
2023-02-22,112.73927255226556,-7.15162402049146,b'',
2023-02-23,112.73927255226556,-7.15162402049146,b'',
2023-02-24,112.73927255226556,-7.15162402049146,b'',6.110642e-05
2023-02-25,112.73927255226556,-7.15162402049146,b'',
2023-02-26,112.73927255226556,-7.15162402049146,b'',
2023-02-27,112.73927255226556,-7.15162402049146,b'',
2023-02-28,112.73927255226556,-7.15162402049146,b'',
2023-03-01,112.73927255226556,-7.15162402049146,b'',
2023-03-02,112.73927255226556,-7.15162402049146,b'',
2023-03-03,112.73927255226556,-7.15162402049146,b'',4.6272857e-05
2023-03-04,112.73927255226556,-7.15162402049146,b'',
2023-03-05,112.73927255226556,-7.15162402049146,b'',
2023-03-06,112.73927255226556,-7.15162402049146,b'',4.8393224e-05
2023-03-07,112.73927255226556,-7.15162402049146,b'',7.485649e-05
2023-03-08,112.73927255226556,-7.15162402049146,b'',
2023-03-09,112.73927255226556,-7.15162402049146,b'',
2023-03-10,112.73927255226556,-7.15162402049146,b'',4.0171482e-05
2023-03-11,112.73927255226556,-7.15162402049146,b'',
2023-03-12,112.73927255226556,-7.15162402049146,b'',4.1013733e-05
2023-03-13,112.73927255226556,-7.15162402049146,b'',
2023-03-14,112.73927255226556,-7.15162402049146,b'',
2023-03-15,112.73927255226556,-7.15162402049146,b'',
2023-03-16,112.73927255226556,-7.15162402049146,b'',
2023-03-17,112.73927255226556,-7.15162402049146,b'',
2023-03-18,112.73927255226556,-7.15162402049146,b'',
2023-03-19,112.73927255226556,-7.15162402049146,b'',
2023-03-20,112.73927255226556,-7.15162402049146,b'',
2023-03-21,112.73927255226556,-7.15162402049146,b'',
2023-03-22,112.73927255226556,-7.15162402049146,b'',4.7241738e-05
2023-03-23,112.73927255226556,-7.15162402049146,b'',4.7735564e-05
2023-03-24,112.73927255226556,-7.15162402049146,b'',
2023-03-25,112.73927255226556,-7.15162402049146,b'',
2023-03-26,112.73927255226556,-7.15162402049146,b'',
2023-03-27,112.73927255226556,-7.15162402049146,b'',
2023-03-28,112.73927255226556,-7.15162402049146,b'',
2023-03-29,112.73927255226556,-7.15162402049146,b'',
2023-03-30,112.73927255226556,-7.15162402049146,b'',
2023-03-31,112.73927255226556,-7.15162402049146,b'',
2023-04-01,112.73927255226556,-7.15162402049146,b'',
2023-04-02,112.73927255226556,-7.15162402049146,b'',
2023-04-03,112.73927255226556,-7.15162402049146,b'',
2023-04-04,112.73927255226556,-7.15162402049146,b'',
2023-04-05,112.73927255226556,-7.15162402049146,b'',
2023-04-06,112.73927255226556,-7.15162402049146,b'',
2023-04-07,112.73927255226556,-7.15162402049146,b'',
2023-04-08,112.73927255226556,-7.15162402049146,b'',
2023-04-09,112.73927255226556,-7.15162402049146,b'',5.3683973e-05
2023-04-10,112.73927255226556,-7.15162402049146,b'',
2023-04-11,112.73927255226556,-7.15162402049146,b'',6.251916e-05
2023-04-12,112.73927255226556,-7.15162402049146,b'',6.987037e-05
2023-04-13,112.73927255226556,-7.15162402049146,b'',
2023-04-14,112.73927255226556,-7.15162402049146,b'',
2023-04-15,112.73927255226556,-7.15162402049146,b'',5.9544072e-05
2023-04-16,112.73927255226556,-7.15162402049146,b'',3.0765932e-05
2023-04-17,112.73927255226556,-7.15162402049146,b'',
2023-04-18,112.73927255226556,-7.15162402049146,b'',
2023-04-19,112.73927255226556,-7.15162402049146,b'',2.4070054e-05
2023-04-20,112.73927255226556,-7.15162402049146,b'',
2023-04-21,112.73927255226556,-7.15162402049146,b'',
2023-04-22,112.73927255226556,-7.15162402049146,b'',5.7584048e-06
2023-04-23,112.73927255226556,-7.15162402049146,b'',1.2945015e-05
2023-04-24,112.73927255226556,-7.15162402049146,b'',1.4791427e-05
2023-04-25,112.73927255226556,-7.15162402049146,b'',7.4916807e-06
2023-04-26,112.73927255226556,-7.15162402049146,b'',
2023-04-27,112.73927255226556,-7.15162402049146,b'',
2023-04-28,112.73927255226556,-7.15162402049146,b'',
2023-04-29,112.73927255226556,-7.15162402049146,b'',
2023-04-30,112.73927255226556,-7.15162402049146,b'',3.8281763e-05
2023-05-01,112.73927255226556,-7.15162402049146,b'',
2023-05-02,112.73927255226556,-7.15162402049146,b'',
2023-05-03,112.73927255226556,-7.15162402049146,b'',2.570124e-05
2023-05-04,112.73927255226556,-7.15162402049146,b'',
2023-05-05,112.73927255226556,-7.15162402049146,b'',2.200472e-05
2023-05-06,112.73927255226556,-7.15162402049146,b'',
2023-05-07,112.73927255226556,-7.15162402049146,b'',2.1690308e-05
2023-05-08,112.73927255226556,-7.15162402049146,b'',3.0509102e-05
2023-05-09,112.73927255226556,-7.15162402049146,b'',
2023-05-10,112.73927255226556,-7.15162402049146,b'',
2023-05-11,112.73927255226556,-7.15162402049146,b'',
2023-05-12,112.73927255226556,-7.15162402049146,b'',2.2382854e-05
2023-05-13,112.73927255226556,-7.15162402049146,b'',5.3070653e-05
2023-05-14,112.73927255226556,-7.15162402049146,b'',
2023-05-15,112.73927255226556,-7.15162402049146,b'',1.8644978e-05
2023-05-16,112.73927255226556,-7.15162402049146,b'',
2023-05-17,112.73927255226556,-7.15162402049146,b'',8.463165e-05
2023-05-18,112.73927255226556,-7.15162402049146,b'',3.0245657e-05
2023-05-19,112.73927255226556,-7.15162402049146,b'',4.0129544e-05
2023-05-20,112.73927255226556,-7.15162402049146,b'',3.7606525e-05
2023-05-21,112.73927255226556,-7.15162402049146,b'',2.3730858e-05
2023-05-22,112.73927255226556,-7.15162402049146,b'',3.4438224e-05
2023-05-23,112.73927255226556,-7.15162402049146,b'',2.6099171e-05
2023-05-24,112.73927255226556,-7.15162402049146,b'',1.922712e-06
2023-05-25,112.73927255226556,-7.15162402049146,b'',4.592708e-05
2023-05-26,112.73927255226556,-7.15162402049146,b'',1.4712682e-05
2023-05-27,112.73927255226556,-7.15162402049146,b'',3.4404682e-05
2023-05-28,112.73927255226556,-7.15162402049146,b'',5.5285152e-05
2023-05-29,112.73927255226556,-7.15162402049146,b'',3.6458583e-05
2023-05-30,112.73927255226556,-7.15162402049146,b'',3.3418182e-05
2023-05-31,112.73927255226556,-7.15162402049146,b'',2.3408524e-05
2023-06-01,112.73927255226556,-7.15162402049146,b'',2.2716657e-05
2023-06-02,112.73927255226556,-7.15162402049146,b'',
2023-06-03,112.73927255226556,-7.15162402049146,b'',1.2606676e-05
2023-06-04,112.73927255226556,-7.15162402049146,b'',3.4499026e-05
2023-06-05,112.73927255226556,-7.15162402049146,b'',2.5967145e-05
2023-06-06,112.73927255226556,-7.15162402049146,b'',3.1441305e-05
2023-06-07,112.73927255226556,-7.15162402049146,b'',1.6355587e-05
2023-06-08,112.73927255226556,-7.15162402049146,b'',3.7198522e-05
2023-06-09,112.73927255226556,-7.15162402049146,b'',3.508189e-05
2023-06-10,112.73927255226556,-7.15162402049146,b'',4.1884858e-05
2023-06-11,112.73927255226556,-7.15162402049146,b'',2.4353134e-05
2023-06-12,112.73927255226556,-7.15162402049146,b'',9.600499e-06
2023-06-13,112.73927255226556,-7.15162402049146,b'',4.6080204e-05
2023-06-14,112.73927255226556,-7.15162402049146,b'',3.781054e-05
2023-06-15,112.73927255226556,-7.15162402049146,b'',2.8554421e-05
2023-06-16,112.73927255226556,-7.15162402049146,b'',2.3531022e-05
2023-06-17,112.73927255226556,-7.15162402049146,b'',3.3024473e-05
2023-06-18,112.73927255226556,-7.15162402049146,b'',7.9554675e-06
2023-06-19,112.73927255226556,-7.15162402049146,b'',4.036798e-05
2023-06-20,112.73927255226556,-7.15162402049146,b'',2.1801876e-05
2023-06-21,112.73927255226556,-7.15162402049146,b'',5.9813185e-05
2023-06-22,112.73927255226556,-7.15162402049146,b'',2.5447958e-05
2023-06-23,112.73927255226556,-7.15162402049146,b'',9.746874e-06
2023-06-24,112.73927255226556,-7.15162402049146,b'',3.771591e-05
2023-06-25,112.73927255226556,-7.15162402049146,b'',3.5120847e-05
2023-06-26,112.73927255226556,-7.15162402049146,b'',0.00013433542
2023-06-27,112.73927255226556,-7.15162402049146,b'',3.6273377e-05
2023-06-28,112.73927255226556,-7.15162402049146,b'',2.280083e-05
2023-06-29,112.73927255226556,-7.15162402049146,b'',3.206588e-05
2023-06-30,112.73927255226556,-7.15162402049146,b'',1.103175e-05
2023-07-01,112.73927255226556,-7.15162402049146,b'',3.0496247e-05
2023-07-02,112.73927255226556,-7.15162402049146,b'',2.7122778e-05
2023-07-03,112.73927255226556,-7.15162402049146,b'',
2023-07-04,112.73927255226556,-7.15162402049146,b'',0.000121415505
2023-07-05,112.73927255226556,-7.15162402049146,b'',2.7931505e-05
2023-07-06,112.73927255226556,-7.15162402049146,b'',3.5376586e-05
2023-07-07,112.73927255226556,-7.15162402049146,b'',
2023-07-08,112.73927255226556,-7.15162402049146,b'',
2023-07-09,112.73927255226556,-7.15162402049146,b'',1.8105817e-05
2023-07-10,112.73927255226556,-7.15162402049146,b'',3.1401294e-05
2023-07-11,112.73927255226556,-7.15162402049146,b'',3.6884438e-05
2023-07-12,112.73927255226556,-7.15162402049146,b'',0.00019274263
2023-07-13,112.73927255226556,-7.15162402049146,b'',2.5785821e-05
2023-07-14,112.73927255226556,-7.15162402049146,b'',3.6482197e-05
2023-07-15,112.73927255226556,-7.15162402049146,b'',2.258285e-05
2023-07-16,112.73927255226556,-7.15162402049146,b'',3.139615e-05
2023-07-17,112.73927255226556,-7.15162402049146,b'',1.3703927e-05
2023-07-18,112.73927255226556,-7.15162402049146,b'',2.323363e-05
2023-07-19,112.73927255226556,-7.15162402049146,b'',2.72065e-05
2023-07-20,112.73927255226556,-7.15162402049146,b'',2.2190554e-05
2023-07-21,112.73927255226556,-7.15162402049146,b'',7.03399e-05
2023-07-22,112.73927255226556,-7.15162402049146,b'',3.4616387e-05
2023-07-23,112.73927255226556,-7.15162402049146,b'',4.412074e-05
2023-07-24,112.73927255226556,-7.15162402049146,b'',2.5591664e-05
2023-07-25,112.73927255226556,-7.15162402049146,b'',1.3464786e-05
2023-07-26,112.73927255226556,-7.15162402049146,b'',4.501983e-05
2023-07-27,112.73927255226556,-7.15162402049146,b'',2.743235e-05
2023-07-28,112.73927255226556,-7.15162402049146,b'',1.075979e-05
2023-07-29,112.73927255226556,-7.15162402049146,b'',3.6617177e-05
2023-07-30,112.73927255226556,-7.15162402049146,b'',2.0904481e-05
2023-07-31,112.73927255226556,-7.15162402049146,b'',1.8047514e-05
2023-08-01,112.73927255226556,-7.15162402049146,b'',1.3697525e-05
2023-08-02,112.73927255226556,-7.15162402049146,b'',2.4885614e-05
2023-08-03,112.73927255226556,-7.15162402049146,b'',2.3081178e-05
2023-08-04,112.73927255226556,-7.15162402049146,b'',2.4218429e-05
2023-08-05,112.73927255226556,-7.15162402049146,b'',2.6192383e-05
2023-08-06,112.73927255226556,-7.15162402049146,b'',
2023-08-07,112.73927255226556,-7.15162402049146,b'',2.259511e-05
2023-08-08,112.73927255226556,-7.15162402049146,b'',1.4133539e-05
2023-08-09,112.73927255226556,-7.15162402049146,b'',2.6219292e-05
2023-08-10,112.73927255226556,-7.15162402049146,b'',2.145569e-05
2023-08-11,112.73927255226556,-7.15162402049146,b'',4.4257686e-05
2023-08-12,112.73927255226556,-7.15162402049146,b'',1.3985163e-05
2023-08-13,112.73927255226556,-7.15162402049146,b'',1.8726723e-05
2023-08-14,112.73927255226556,-7.15162402049146,b'',2.3540897e-05
2023-08-15,112.73927255226556,-7.15162402049146,b'',2.641106e-05
2023-08-16,112.73927255226556,-7.15162402049146,b'',6.4544215e-06
2023-08-17,112.73927255226556,-7.15162402049146,b'',2.3753237e-05
2023-08-18,112.73927255226556,-7.15162402049146,b'',1.7347824e-05
2023-08-19,112.73927255226556,-7.15162402049146,b'',3.56894e-05
2023-08-20,112.73927255226556,-7.15162402049146,b'',1.21834455e-05
2023-08-21,112.73927255226556,-7.15162402049146,b'',1.4039259e-05
2023-08-22,112.73927255226556,-7.15162402049146,b'',2.1528162e-05
2023-08-23,112.73927255226556,-7.15162402049146,b'',1.9249e-05
2023-08-24,112.73927255226556,-7.15162402049146,b'',1.2086688e-05
2023-08-25,112.73927255226556,-7.15162402049146,b'',2.4133245e-05
2023-08-26,112.73927255226556,-7.15162402049146,b'',3.495738e-06
2023-08-27,112.73927255226556,-7.15162402049146,b'',2.6743934e-05
2023-08-28,112.73927255226556,-7.15162402049146,b'',6.917404e-06
2023-08-29,112.73927255226556,-7.15162402049146,b'',3.4730387e-05
2023-08-30,112.73927255226556,-7.15162402049146,b'',5.8193127e-06
2023-08-31,112.73927255226556,-7.15162402049146,b'',2.1084972e-05
2023-09-01,112.73927255226556,-7.15162402049146,b'',2.4463014e-05
2023-09-02,112.73927255226556,-7.15162402049146,b'',2.6442456e-05
2023-09-03,112.73927255226556,-7.15162402049146,b'',2.9618692e-05
2023-09-04,112.73927255226556,-7.15162402049146,b'',2.5503869e-05
2023-09-05,112.73927255226556,-7.15162402049146,b'',1.8461868e-05
2023-09-06,112.73927255226556,-7.15162402049146,b'',1.6717611e-05
2023-09-07,112.73927255226556,-7.15162402049146,b'',0.00012632928
2023-09-08,112.73927255226556,-7.15162402049146,b'',1.3876094e-05
2023-09-09,112.73927255226556,-7.15162402049146,b'',4.0371233e-05
2023-09-10,112.73927255226556,-7.15162402049146,b'',1.6375736e-05
2023-09-11,112.73927255226556,-7.15162402049146,b'',
2023-09-12,112.73927255226556,-7.15162402049146,b'',1.4802396e-05
2023-09-13,112.73927255226556,-7.15162402049146,b'',1.7978575e-05
2023-09-14,112.73927255226556,-7.15162402049146,b'',
2023-09-15,112.73927255226556,-7.15162402049146,b'',3.0313598e-05
2023-09-16,112.73927255226556,-7.15162402049146,b'',1.4366435e-05
2023-09-17,112.73927255226556,-7.15162402049146,b'',2.2527194e-05
2023-09-18,112.73927255226556,-7.15162402049146,b'',2.8059096e-05
2023-09-19,112.73927255226556,-7.15162402049146,b'',2.8666303e-05
2023-09-20,112.73927255226556,-7.15162402049146,b'',4.420403e-05
2023-09-21,112.73927255226556,-7.15162402049146,b'',2.9888353e-05
2023-09-22,112.73927255226556,-7.15162402049146,b'',4.908775e-05
2023-09-23,112.73927255226556,-7.15162402049146,b'',3.1472482e-05
2023-09-24,112.73927255226556,-7.15162402049146,b'',1.5907539e-05
2023-09-25,112.73927255226556,-7.15162402049146,b'',2.9555771e-05
2023-09-26,112.73927255226556,-7.15162402049146,b'',1.1254499e-05
2023-09-27,112.73927255226556,-7.15162402049146,b'',1.9700705e-05
2023-09-28,112.73927255226556,-7.15162402049146,b'',2.1635115e-05
2023-09-29,112.73927255226556,-7.15162402049146,b'',1.4444803e-05
2023-09-30,112.73927255226556,-7.15162402049146,b'',2.8116372e-05
2023-10-01,112.73927255226556,-7.15162402049146,b'',2.8451443e-05
2023-10-02,112.73927255226556,-7.15162402049146,b'',2.7542199e-05
2023-10-03,112.73927255226556,-7.15162402049146,b'',5.5611923e-05
2023-10-04,112.73927255226556,-7.15162402049146,b'',1.3256586e-05
2023-10-05,112.73927255226556,-7.15162402049146,b'',4.7527997e-06
2023-10-06,112.73927255226556,-7.15162402049146,b'',1.2984149e-05
2023-10-07,112.73927255226556,-7.15162402049146,b'',6.4151013e-06
2023-10-08,112.73927255226556,-7.15162402049146,b'',1.5309768e-05
2023-10-09,112.73927255226556,-7.15162402049146,b'',4.434605e-06
2023-10-10,112.73927255226556,-7.15162402049146,b'',3.5261e-05
2023-10-11,112.73927255226556,-7.15162402049146,b'',3.6647074e-05
2023-10-12,112.73927255226556,-7.15162402049146,b'',2.0197625e-05
2023-10-13,112.73927255226556,-7.15162402049146,b'',1.9445177e-05
2023-10-14,112.73927255226556,-7.15162402049146,b'',2.2857388e-05
2023-10-15,112.73927255226556,-7.15162402049146,b'',
2023-10-16,112.73927255226556,-7.15162402049146,b'',1.9910623e-05
2023-10-17,112.73927255226556,-7.15162402049146,b'',3.136566e-05
2023-10-18,112.73927255226556,-7.15162402049146,b'',2.1630907e-05
2023-10-19,112.73927255226556,-7.15162402049146,b'',3.1183856e-05
2023-10-20,112.73927255226556,-7.15162402049146,b'',2.4779072e-05
2023-10-21,112.73927255226556,-7.15162402049146,b'',3.2345513e-05
2023-10-22,112.73927255226556,-7.15162402049146,b'',3.5551224e-05
2023-10-23,112.73927255226556,-7.15162402049146,b'',
2023-10-24,112.73927255226556,-7.15162402049146,b'',3.173237e-05
2023-10-25,112.73927255226556,-7.15162402049146,b'',5.8309483e-06
2023-10-26,112.73927255226556,-7.15162402049146,b'',3.3813234e-05
2023-10-27,112.73927255226556,-7.15162402049146,b'',3.4855566e-05
2023-10-28,112.73927255226556,-7.15162402049146,b'',2.7834854e-05
2023-10-29,112.73927255226556,-7.15162402049146,b'',2.9118837e-05
2023-10-30,112.73927255226556,-7.15162402049146,b'',4.082157e-05
2023-10-31,112.73927255226556,-7.15162402049146,b'',
2023-11-01,112.73927255226556,-7.15162402049146,b'',8.118962e-06
2023-11-02,112.73927255226556,-7.15162402049146,b'',3.3549135e-05
2023-11-03,112.73927255226556,-7.15162402049146,b'',
2023-11-04,112.73927255226556,-7.15162402049146,b'',
2023-11-05,112.73927255226556,-7.15162402049146,b'',2.9971125e-05
2023-11-06,112.73927255226556,-7.15162402049146,b'',6.792422e-06
2023-11-07,112.73927255226556,-7.15162402049146,b'',3.36647e-05
2023-11-08,112.73927255226556,-7.15162402049146,b'',5.3283784e-05
2023-11-09,112.73927255226556,-7.15162402049146,b'',7.891004e-05
2023-11-10,112.73927255226556,-7.15162402049146,b'',
2023-11-12,112.73927255226556,-7.15162402049146,b'',
2023-11-13,112.73927255226556,-7.15162402049146,b'',
2023-11-14,112.73927255226556,-7.15162402049146,b'',
2023-11-15,112.73927255226556,-7.15162402049146,b'',0.00011210706
2023-11-16,112.73927255226556,-7.15162402049146,b'',0.00010457161
2023-11-17,112.73927255226556,-7.15162402049146,b'',7.1417955e-05
2023-11-18,112.73927255226556,-7.15162402049146,b'',0.00028934306
2023-11-19,112.73927255226556,-7.15162402049146,b'',3.774966e-05
2023-11-20,112.73927255226556,-7.15162402049146,b'',3.6815396e-05
2023-11-21,112.73927255226556,-7.15162402049146,b'',1.4248305e-05
2023-11-22,112.73927255226556,-7.15162402049146,b'',1.9950705e-05
2023-11-23,112.73927255226556,-7.15162402049146,b'',
2023-11-24,112.73927255226556,-7.15162402049146,b'',
2023-11-25,112.73927255226556,-7.15162402049146,b'',
2023-11-26,112.73927255226556,-7.15162402049146,b'',5.366828e-05
2023-11-27,112.73927255226556,-7.15162402049146,b'',5.8899637e-05
2023-11-28,112.73927255226556,-7.15162402049146,b'',
2023-11-29,112.73927255226556,-7.15162402049146,b'',
2023-11-30,112.73927255226556,-7.15162402049146,b'',
2023-12-01,112.73927255226556,-7.15162402049146,b'',
2023-12-02,112.73927255226556,-7.15162402049146,b'',2.9058268e-05
2023-12-03,112.73927255226556,-7.15162402049146,b'',
2023-12-04,112.73927255226556,-7.15162402049146,b'',
2023-12-05,112.73927255226556,-7.15162402049146,b'',2.7784736e-05
2023-12-06,112.73927255226556,-7.15162402049146,b'',
2023-12-07,112.73927255226556,-7.15162402049146,b'',0.00017625437
2023-12-08,112.73927255226556,-7.15162402049146,b'',
2023-12-09,112.73927255226556,-7.15162402049146,b'',
2023-12-10,112.73927255226556,-7.15162402049146,b'',
2023-12-11,112.73927255226556,-7.15162402049146,b'',7.386312e-05
2023-12-12,112.73927255226556,-7.15162402049146,b'',7.424246e-05
2023-12-13,112.73927255226556,-7.15162402049146,b'',
2023-12-14,112.73927255226556,-7.15162402049146,b'',
2023-12-15,112.73927255226556,-7.15162402049146,b'',
2023-12-16,112.73927255226556,-7.15162402049146,b'',
2023-12-17,112.73927255226556,-7.15162402049146,b'',0.00010379146
2023-12-18,112.73927255226556,-7.15162402049146,b'',0.00011974832
2023-12-19,112.73927255226556,-7.15162402049146,b'',0.00019205867
2023-12-20,112.73927255226556,-7.15162402049146,b'',0.00026880635
2023-12-21,112.73927255226556,-7.15162402049146,b'',0.00012200134
2023-12-22,112.73927255226556,-7.15162402049146,b'',
2023-12-23,112.73927255226556,-7.15162402049146,b'',4.1133924e-05
2023-12-24,112.73927255226556,-7.15162402049146,b'',3.173803e-05
2023-12-25,112.73927255226556,-7.15162402049146,b'',
2023-12-26,112.73927255226556,-7.15162402049146,b'',4.59418e-05
2023-12-27,112.73927255226556,-7.15162402049146,b'',
2023-12-28,112.73927255226556,-7.15162402049146,b'',
2023-12-29,112.73927255226556,-7.15162402049146,b'',4.9129452e-05
2023-12-30,112.73927255226556,-7.15162402049146,b'',3.3135806e-05
2023-12-31,112.73927255226556,-7.15162402049146,b'',2.5715006e-05
2024-01-02,112.73927255226556,-7.15162402049146,b'',
2024-01-03,112.73927255226556,-7.15162402049146,b'',
2024-01-04,112.73927255226556,-7.15162402049146,b'',
2024-01-05,112.73927255226556,-7.15162402049146,b'',5.5146797e-05
2024-01-06,112.73927255226556,-7.15162402049146,b'',
2024-01-07,112.73927255226556,-7.15162402049146,b'',
2024-01-08,112.73927255226556,-7.15162402049146,b'',
2024-01-09,112.73927255226556,-7.15162402049146,b'',4.865189e-05
2024-01-10,112.73927255226556,-7.15162402049146,b'',5.975784e-05
2024-01-11,112.73927255226556,-7.15162402049146,b'',5.839114e-05
2024-01-12,112.73927255226556,-7.15162402049146,b'',5.7820245e-05
2024-01-13,112.73927255226556,-7.15162402049146,b'',
2024-01-14,112.73927255226556,-7.15162402049146,b'',
2024-01-15,112.73927255226556,-7.15162402049146,b'',
2024-01-16,112.73927255226556,-7.15162402049146,b'',
2024-01-17,112.73927255226556,-7.15162402049146,b'',
2024-01-18,112.73927255226556,-7.15162402049146,b'',
2024-01-19,112.73927255226556,-7.15162402049146,b'',
2024-01-20,112.73927255226556,-7.15162402049146,b'',
2024-01-21,112.73927255226556,-7.15162402049146,b'',2.1913813e-05
2024-01-22,112.73927255226556,-7.15162402049146,b'',
2024-01-23,112.73927255226556,-7.15162402049146,b'',
2024-01-24,112.73927255226556,-7.15162402049146,b'',
2024-01-25,112.73927255226556,-7.15162402049146,b'',8.136764e-05
2024-01-26,112.73927255226556,-7.15162402049146,b'',
2024-01-27,112.73927255226556,-7.15162402049146,b'',
2024-01-28,112.73927255226556,-7.15162402049146,b'',
2024-01-29,112.73927255226556,-7.15162402049146,b'',
2024-01-30,112.73927255226556,-7.15162402049146,b'',
2024-01-31,112.73927255226556,-7.15162402049146,b'',1.2250708e-05
2024-02-01,112.73927255226556,-7.15162402049146,b'',2.204474e-05
2024-02-02,112.73927255226556,-7.15162402049146,b'',
2024-02-03,112.73927255226556,-7.15162402049146,b'',
2024-02-04,112.73927255226556,-7.15162402049146,b'',8.410287e-05
2024-02-05,112.73927255226556,-7.15162402049146,b'',
2024-02-06,112.73927255226556,-7.15162402049146,b'',9.493457e-05
2024-02-07,112.73927255226556,-7.15162402049146,b'',
2024-02-08,112.73927255226556,-7.15162402049146,b'',
2024-02-09,112.73927255226556,-7.15162402049146,b'',2.5175728e-05
2024-02-10,112.73927255226556,-7.15162402049146,b'',
2024-02-11,112.73927255226556,-7.15162402049146,b'',
2024-02-12,112.73927255226556,-7.15162402049146,b'',4.167342e-05
2024-02-13,112.73927255226556,-7.15162402049146,b'',6.86993e-05
2024-02-14,112.73927255226556,-7.15162402049146,b'',
2024-02-15,112.73927255226556,-7.15162402049146,b'',3.9276798e-05
2024-02-16,112.73927255226556,-7.15162402049146,b'',7.782712e-05
2024-02-17,112.73927255226556,-7.15162402049146,b'',
2024-02-18,112.73927255226556,-7.15162402049146,b'',
2024-02-19,112.73927255226556,-7.15162402049146,b'',
2024-02-20,112.73927255226556,-7.15162402049146,b'',5.4220665e-05
2024-02-21,112.73927255226556,-7.15162402049146,b'',0.00023196937
2024-02-22,112.73927255226556,-7.15162402049146,b'',0.00012419297
2024-02-23,112.73927255226556,-7.15162402049146,b'',
2024-02-24,112.73927255226556,-7.15162402049146,b'',
2024-02-25,112.73927255226556,-7.15162402049146,b'',
2024-02-26,112.73927255226556,-7.15162402049146,b'',7.877034e-05
2024-02-27,112.73927255226556,-7.15162402049146,b'',
2024-02-28,112.73927255226556,-7.15162402049146,b'',
2024-02-29,112.73927255226556,-7.15162402049146,b'',
2024-03-01,112.73927255226556,-7.15162402049146,b'',4.718549e-05
2024-03-02,112.73927255226556,-7.15162402049146,b'',
2024-03-03,112.73927255226556,-7.15162402049146,b'',6.46684e-05
2024-03-04,112.73927255226556,-7.15162402049146,b'',
2024-03-05,112.73927255226556,-7.15162402049146,b'',
2024-03-06,112.73927255226556,-7.15162402049146,b'',3.2300628e-05
2024-03-07,112.73927255226556,-7.15162402049146,b'',
2024-03-08,112.73927255226556,-7.15162402049146,b'',5.421946e-05
2024-03-09,112.73927255226556,-7.15162402049146,b'',
2024-03-10,112.73927255226556,-7.15162402049146,b'',
2024-03-11,112.73927255226556,-7.15162402049146,b'',
2024-03-12,112.73927255226556,-7.15162402049146,b'',
2024-03-13,112.73927255226556,-7.15162402049146,b'',
2024-03-14,112.73927255226556,-7.15162402049146,b'',
2024-03-15,112.73927255226556,-7.15162402049146,b'',
2024-03-16,112.73927255226556,-7.15162402049146,b'',
2024-03-17,112.73927255226556,-7.15162402049146,b'',
2024-03-18,112.73927255226556,-7.15162402049146,b'',5.861693e-05
2024-03-19,112.73927255226556,-7.15162402049146,b'',3.0704115e-05
2024-03-20,112.73927255226556,-7.15162402049146,b'',4.9145314e-05
2024-03-21,112.73927255226556,-7.15162402049146,b'',4.4374086e-05
2024-03-22,112.73927255226556,-7.15162402049146,b'',4.4007338e-05
2024-03-24,112.73927255226556,-7.15162402049146,b'',1.7971135e-05
2024-03-25,112.73927255226556,-7.15162402049146,b'',
2024-03-26,112.73927255226556,-7.15162402049146,b'',1.9941048e-05
2024-03-27,112.73927255226556,-7.15162402049146,b'',6.2066945e-05
2024-03-28,112.73927255226556,-7.15162402049146,b'',
2024-03-29,112.73927255226556,-7.15162402049146,b'',2.7828768e-05
2024-03-30,112.73927255226556,-7.15162402049146,b'',2.438405e-05
2024-03-31,112.73927255226556,-7.15162402049146,b'',3.3853874e-05
2024-04-01,112.73927255226556,-7.15162402049146,b'',
2024-04-02,112.73927255226556,-7.15162402049146,b'',
2024-04-03,112.73927255226556,-7.15162402049146,b'',2.8229638e-06
2024-04-04,112.73927255226556,-7.15162402049146,b'',0.00017412976
2024-04-05,112.73927255226556,-7.15162402049146,b'',
2024-04-06,112.73927255226556,-7.15162402049146,b'',
2024-04-07,112.73927255226556,-7.15162402049146,b'',
2024-04-08,112.73927255226556,-7.15162402049146,b'',
2024-04-09,112.73927255226556,-7.15162402049146,b'',
2024-04-10,112.73927255226556,-7.15162402049146,b'',
2024-04-11,112.73927255226556,-7.15162402049146,b'',
2024-04-12,112.73927255226556,-7.15162402049146,b'',
2024-04-13,112.73927255226556,-7.15162402049146,b'',
2024-04-14,112.73927255226556,-7.15162402049146,b'',
2024-04-15,112.73927255226556,-7.15162402049146,b'',
2024-04-16,112.73927255226556,-7.15162402049146,b'',1.4772582e-05
2024-04-17,112.73927255226556,-7.15162402049146,b'',
2024-04-18,112.73927255226556,-7.15162402049146,b'',2.3707467e-05
2024-04-19,112.73927255226556,-7.15162402049146,b'',
2024-04-20,112.73927255226556,-7.15162402049146,b'',-9.724368e-06
2024-04-21,112.73927255226556,-7.15162402049146,b'',
2024-04-22,112.73927255226556,-7.15162402049146,b'',
2024-04-23,112.73927255226556,-7.15162402049146,b'',
2024-04-24,112.73927255226556,-7.15162402049146,b'',
2024-04-25,112.73927255226556,-7.15162402049146,b'',
2024-04-26,112.73927255226556,-7.15162402049146,b'',
2024-04-27,112.73927255226556,-7.15162402049146,b'',
2024-04-28,112.73927255226556,-7.15162402049146,b'',2.0898306e-05
2024-04-29,112.73927255226556,-7.15162402049146,b'',3.45593e-05
2024-04-30,112.73927255226556,-7.15162402049146,b'',1.80694e-05
2024-05-01,112.73927255226556,-7.15162402049146,b'',3.499341e-05
2024-05-02,112.73927255226556,-7.15162402049146,b'',5.167363e-05
2024-05-03,112.73927255226556,-7.15162402049146,b'',4.4565808e-05
2024-05-04,112.73927255226556,-7.15162402049146,b'',4.0113344e-05
2024-05-05,112.73927255226556,-7.15162402049146,b'',3.780389e-05
2024-05-06,112.73927255226556,-7.15162402049146,b'',3.480667e-05
2024-05-07,112.73927255226556,-7.15162402049146,b'',2.1468286e-05
2024-05-08,112.73927255226556,-7.15162402049146,b'',
2024-05-09,112.73927255226556,-7.15162402049146,b'',3.0147965e-05
2024-05-10,112.73927255226556,-7.15162402049146,b'',1.9332709e-05
2024-05-11,112.73927255226556,-7.15162402049146,b'',4.9943512e-05
2024-05-12,112.73927255226556,-7.15162402049146,b'',1.2504367e-05
2024-05-13,112.73927255226556,-7.15162402049146,b'',
2024-05-14,112.73927255226556,-7.15162402049146,b'',2.0130848e-05
2024-05-15,112.73927255226556,-7.15162402049146,b'',2.4383737e-05
2024-05-16,112.73927255226556,-7.15162402049146,b'',6.4048e-06
2024-05-17,112.73927255226556,-7.15162402049146,b'',2.0302512e-05
2024-05-18,112.73927255226556,-7.15162402049146,b'',1.3201737e-05
2024-05-19,112.73927255226556,-7.15162402049146,b'',2.348597e-05
2024-05-20,112.73927255226556,-7.15162402049146,b'',1.8100338e-05
2024-05-21,112.73927255226556,-7.15162402049146,b'',2.3383263e-05
2024-05-22,112.73927255226556,-7.15162402049146,b'',3.239176e-05
2024-05-23,112.73927255226556,-7.15162402049146,b'',2.1206548e-05
2024-05-24,112.73927255226556,-7.15162402049146,b'',
2024-05-25,112.73927255226556,-7.15162402049146,b'',2.1219692e-05
2024-05-26,112.73927255226556,-7.15162402049146,b'',1.5914646e-05
2024-05-27,112.73927255226556,-7.15162402049146,b'',3.517725e-05
2024-05-28,112.73927255226556,-7.15162402049146,b'',
2024-05-29,112.73927255226556,-7.15162402049146,b'',1.2202325e-05
2024-05-30,112.73927255226556,-7.15162402049146,b'',3.274106e-05
2024-05-31,112.73927255226556,-7.15162402049146,b'',-9.304882e-07
2024-06-01,112.73927255226556,-7.15162402049146,b'',2.4716162e-05
2024-06-02,112.73927255226556,-7.15162402049146,b'',
2024-06-03,112.73927255226556,-7.15162402049146,b'',4.3350385e-05
2024-06-04,112.73927255226556,-7.15162402049146,b'',4.3649605e-05
2024-06-05,112.73927255226556,-7.15162402049146,b'',3.1231208e-05
2024-06-06,112.73927255226556,-7.15162402049146,b'',2.0917083e-05
2024-06-07,112.73927255226556,-7.15162402049146,b'',3.38874e-05
2024-06-08,112.73927255226556,-7.15162402049146,b'',6.8623185e-06
2024-06-09,112.73927255226556,-7.15162402049146,b'',
2024-06-10,112.73927255226556,-7.15162402049146,b'',
2024-06-11,112.73927255226556,-7.15162402049146,b'',1.1760723e-05
2024-06-12,112.73927255226556,-7.15162402049146,b'',
2024-06-13,112.73927255226556,-7.15162402049146,b'',
2024-06-14,112.73927255226556,-7.15162402049146,b'',
2024-06-15,112.73927255226556,-7.15162402049146,b'',
2024-06-16,112.73927255226556,-7.15162402049146,b'',1.5746318e-05
2024-06-17,112.73927255226556,-7.15162402049146,b'',
2024-06-18,112.73927255226556,-7.15162402049146,b'',1.7089042e-05
2024-06-19,112.73927255226556,-7.15162402049146,b'',3.2072396e-05
2024-06-20,112.73927255226556,-7.15162402049146,b'',3.107041e-05
2024-06-21,112.73927255226556,-7.15162402049146,b'',1.7883021e-05
2024-06-22,112.73927255226556,-7.15162402049146,b'',2.8532728e-05
2024-06-23,112.73927255226556,-7.15162402049146,b'',2.650181e-05
2024-06-24,112.73927255226556,-7.15162402049146,b'',
2024-06-25,112.73927255226556,-7.15162402049146,b'',2.4345623e-05
2024-06-26,112.73927255226556,-7.15162402049146,b'',3.2244032e-05
2024-06-27,112.73927255226556,-7.15162402049146,b'',9.779674e-06
2024-06-28,112.73927255226556,-7.15162402049146,b'',
2024-06-29,112.73927255226556,-7.15162402049146,b'',1.938025e-05
2024-06-30,112.73927255226556,-7.15162402049146,b'',7.704541e-05
2024-07-01,112.73927255226556,-7.15162402049146,b'',
2024-07-02,112.73927255226556,-7.15162402049146,b'',
2024-07-03,112.73927255226556,-7.15162402049146,b'',
2024-07-04,112.73927255226556,-7.15162402049146,b'',
2024-07-05,112.73927255226556,-7.15162402049146,b'',
2024-07-06,112.73927255226556,-7.15162402049146,b'',4.035151e-05
2024-07-07,112.73927255226556,-7.15162402049146,b'',
2024-07-08,112.73927255226556,-7.15162402049146,b'',3.7632766e-05
2024-07-09,112.73927255226556,-7.15162402049146,b'',1.3062336e-05
2024-07-10,112.73927255226556,-7.15162402049146,b'',
2024-07-11,112.73927255226556,-7.15162402049146,b'',3.5930094e-05
2024-07-12,112.73927255226556,-7.15162402049146,b'',2.866565e-05
2024-07-13,112.73927255226556,-7.15162402049146,b'',3.7128983e-05
2024-07-14,112.73927255226556,-7.15162402049146,b'',3.905007e-05
2024-07-15,112.73927255226556,-7.15162402049146,b'',3.2085987e-05
2024-07-16,112.73927255226556,-7.15162402049146,b'',6.0636835e-06
2024-07-17,112.73927255226556,-7.15162402049146,b'',3.502944e-05
2024-07-18,112.73927255226556,-7.15162402049146,b'',2.4615309e-05
2024-07-19,112.73927255226556,-7.15162402049146,b'',3.228054e-05
2024-07-20,112.73927255226556,-7.15162402049146,b'',2.0473632e-05
2024-07-21,112.73927255226556,-7.15162402049146,b'',4.499902e-05
2024-07-22,112.73927255226556,-7.15162402049146,b'',2.4249657e-05
2024-07-23,112.73927255226556,-7.15162402049146,b'',2.0236657e-05
2024-07-24,112.73927255226556,-7.15162402049146,b'',4.4904813e-05
2024-07-25,112.73927255226556,-7.15162402049146,b'',3.456655e-05
2024-07-26,112.73927255226556,-7.15162402049146,b'',2.5623276e-05
2024-07-27,112.73927255226556,-7.15162402049146,b'',1.7522809e-05
2024-07-28,112.73927255226556,-7.15162402049146,b'',2.6785508e-05
2024-07-29,112.73927255226556,-7.15162402049146,b'',2.7157592e-05
2024-07-30,112.73927255226556,-7.15162402049146,b'',2.4277078e-05
2024-07-31,112.73927255226556,-7.15162402049146,b'',1.4386353e-05
2024-08-01,112.73927255226556,-7.15162402049146,b'',
2024-08-02,112.73927255226556,-7.15162402049146,b'',8.34982e-06
2024-08-03,112.73927255226556,-7.15162402049146,b'',8.978916e-06
2024-08-04,112.73927255226556,-7.15162402049146,b'',1.7914403e-05
2024-08-05,112.73927255226556,-7.15162402049146,b'',3.6620037e-05
2024-08-06,112.73927255226556,-7.15162402049146,b'',2.4870316e-05
2024-08-07,112.73927255226556,-7.15162402049146,b'',
2024-08-08,112.73927255226556,-7.15162402049146,b'',2.2502438e-05
2024-08-09,112.73927255226556,-7.15162402049146,b'',2.2207381e-05
2024-08-10,112.73927255226556,-7.15162402049146,b'',1.5338283e-05
2024-08-11,112.73927255226556,-7.15162402049146,b'',9.740003e-06
2024-08-13,112.73927255226556,-7.15162402049146,b'',1.9799165e-05
2024-08-14,112.73927255226556,-7.15162402049146,b'',9.302047e-06
2024-08-15,112.73927255226556,-7.15162402049146,b'',4.0033978e-05
2024-08-16,112.73927255226556,-7.15162402049146,b'',2.9205974e-05
2024-08-17,112.73927255226556,-7.15162402049146,b'',1.7765004e-05
2024-08-18,112.73927255226556,-7.15162402049146,b'',3.7028272e-05
2024-08-19,112.73927255226556,-7.15162402049146,b'',3.0317515e-05
2024-08-20,112.73927255226556,-7.15162402049146,b'',1.6076856e-05
2024-08-21,112.73927255226556,-7.15162402049146,b'',1.5508047e-05
2024-08-22,112.73927255226556,-7.15162402049146,b'',
2024-08-23,112.73927255226556,-7.15162402049146,b'',2.575188e-05
2024-08-24,112.73927255226556,-7.15162402049146,b'',3.0124258e-05
2024-08-25,112.73927255226556,-7.15162402049146,b'',3.5369823e-05
2024-08-26,112.73927255226556,-7.15162402049146,b'',1.5569207e-05
2024-08-27,112.73927255226556,-7.15162402049146,b'',2.5579271e-05
2024-08-28,112.73927255226556,-7.15162402049146,b'',
2024-08-29,112.73927255226556,-7.15162402049146,b'',2.9768438e-05
2024-08-30,112.73927255226556,-7.15162402049146,b'',1.1795106e-05
2024-08-31,112.73927255226556,-7.15162402049146,b'',3.2574102e-05
2024-09-01,112.73927255226556,-7.15162402049146,b'',2.6889331e-05
2024-09-02,112.73927255226556,-7.15162402049146,b'',2.359825e-05
2024-09-03,112.73927255226556,-7.15162402049146,b'',1.126849e-05
2024-09-04,112.73927255226556,-7.15162402049146,b'',
2024-09-05,112.73927255226556,-7.15162402049146,b'',2.956068e-05
2024-09-06,112.73927255226556,-7.15162402049146,b'',2.4676088e-05
2024-09-07,112.73927255226556,-7.15162402049146,b'',1.8586357e-05
2024-09-08,112.73927255226556,-7.15162402049146,b'',
2024-09-09,112.73927255226556,-7.15162402049146,b'',1.1382443e-05
2024-09-10,112.73927255226556,-7.15162402049146,b'',
2024-09-11,112.73927255226556,-7.15162402049146,b'',2.4384708e-05
2024-09-12,112.73927255226556,-7.15162402049146,b'',3.5938152e-05
2024-09-13,112.73927255226556,-7.15162402049146,b'',1.575788e-05
2024-09-14,112.73927255226556,-7.15162402049146,b'',2.4577446e-05
2024-09-15,112.73927255226556,-7.15162402049146,b'',4.7744406e-06
2024-09-16,112.73927255226556,-7.15162402049146,b'',5.2532243e-05
2024-09-17,112.73927255226556,-7.15162402049146,b'',2.5911691e-05
2024-09-18,112.73927255226556,-7.15162402049146,b'',
2024-09-19,112.73927255226556,-7.15162402049146,b'',0.0002271965
2024-09-20,112.73927255226556,-7.15162402049146,b'',1.5520895e-05
2024-09-21,112.73927255226556,-7.15162402049146,b'',2.9044655e-05
2024-09-22,112.73927255226556,-7.15162402049146,b'',3.628703e-05
2024-09-23,112.73927255226556,-7.15162402049146,b'',
2024-09-24,112.73927255226556,-7.15162402049146,b'',
2024-09-25,112.73927255226556,-7.15162402049146,b'',
2024-09-26,112.73927255226556,-7.15162402049146,b'',
2024-09-27,112.73927255226556,-7.15162402049146,b'',3.4641474e-05
2024-09-28,112.73927255226556,-7.15162402049146,b'',1.4784943e-05
2024-09-29,112.73927255226556,-7.15162402049146,b'',2.5343244e-05
2024-09-30,112.73927255226556,-7.15162402049146,b'',2.6226158e-05
2024-10-01,112.73927255226556,-7.15162402049146,b'',2.8400804e-05
2024-10-02,112.73927255226556,-7.15162402049146,b'',
2024-10-03,112.73927255226556,-7.15162402049146,b'',4.1361676e-05
2024-10-04,112.73927255226556,-7.15162402049146,b'',3.0538093e-05
2024-10-05,112.73927255226556,-7.15162402049146,b'',3.8264177e-05
2024-10-06,112.73927255226556,-7.15162402049146,b'',-1.2989173e-05
2024-10-07,112.73927255226556,-7.15162402049146,b'',2.1256792e-05
2024-10-08,112.73927255226556,-7.15162402049146,b'',1.3107564e-05
2024-10-09,112.73927255226556,-7.15162402049146,b'',
2024-10-10,112.73927255226556,-7.15162402049146,b'',2.3950442e-05
2024-10-11,112.73927255226556,-7.15162402049146,b'',1.152481e-05
2024-10-12,112.73927255226556,-7.15162402049146,b'',1.3201915e-05
2024-10-13,112.73927255226556,-7.15162402049146,b'',2.1698177e-05
2024-10-14,112.73927255226556,-7.15162402049146,b'',2.644659e-05
2024-10-15,112.73927255226556,-7.15162402049146,b'',4.0417304e-05
2024-10-16,112.73927255226556,-7.15162402049146,b'',4.165892e-05
2024-10-17,112.73927255226556,-7.15162402049146,b'',7.653398e-05
2024-10-18,112.73927255226556,-7.15162402049146,b'',4.556281e-05
2024-10-19,112.73927255226556,-7.15162402049146,b'',
2024-10-20,112.73927255226556,-7.15162402049146,b'',
2024-10-21,112.73927255226556,-7.15162402049146,b'',
2024-10-22,112.73927255226556,-7.15162402049146,b'',
2024-10-23,112.73927255226556,-7.15162402049146,b'',2.742057e-05
2024-10-24,112.73927255226556,-7.15162402049146,b'',
2024-10-25,112.73927255226556,-7.15162402049146,b'',
2024-10-26,112.73927255226556,-7.15162402049146,b'',4.3504024e-05
2024-10-27,112.73927255226556,-7.15162402049146,b'',3.4832803e-05
2024-10-28,112.73927255226556,-7.15162402049146,b'',4.3186257e-05
2024-10-29,112.73927255226556,-7.15162402049146,b'',1.5366328e-05
2024-10-30,112.73927255226556,-7.15162402049146,b'',
2024-10-31,112.73927255226556,-7.15162402049146,b'',2.6528334e-05
2024-11-01,112.73927255226556,-7.15162402049146,b'',
2024-11-02,112.73927255226556,-7.15162402049146,b'',2.4373063e-05
2024-11-03,112.73927255226556,-7.15162402049146,b'',
2024-11-04,112.73927255226556,-7.15162402049146,b'',
2024-11-05,112.73927255226556,-7.15162402049146,b'',1.1683563e-05
2024-11-06,112.73927255226556,-7.15162402049146,b'',
2024-11-07,112.73927255226556,-7.15162402049146,b'',4.8720933e-05
2024-11-08,112.73927255226556,-7.15162402049146,b'',
2024-11-09,112.73927255226556,-7.15162402049146,b'',
2024-11-10,112.73927255226556,-7.15162402049146,b'',
2024-11-11,112.73927255226556,-7.15162402049146,b'',
2024-11-12,112.73927255226556,-7.15162402049146,b'',
2024-11-13,112.73927255226556,-7.15162402049146,b'',
2024-11-14,112.73927255226556,-7.15162402049146,b'',1.2459634e-05
2024-11-15,112.73927255226556,-7.15162402049146,b'',
2024-11-16,112.73927255226556,-7.15162402049146,b'',
2024-11-17,112.73927255226556,-7.15162402049146,b'',
2024-11-18,112.73927255226556,-7.15162402049146,b'',
2024-11-19,112.73927255226556,-7.15162402049146,b'',
2024-11-20,112.73927255226556,-7.15162402049146,b'',
2024-11-21,112.73927255226556,-7.15162402049146,b'',
2024-11-22,112.73927255226556,-7.15162402049146,b'',
2024-11-23,112.73927255226556,-7.15162402049146,b'',
2024-11-24,112.73927255226556,-7.15162402049146,b'',
2024-11-25,112.73927255226556,-7.15162402049146,b'',
2024-11-26,112.73927255226556,-7.15162402049146,b'',
2024-11-27,112.73927255226556,-7.15162402049146,b'',
2024-11-28,112.73927255226556,-7.15162402049146,b'',
2024-11-29,112.73927255226556,-7.15162402049146,b'',
2024-11-30,112.73927255226556,-7.15162402049146,b'',
2024-12-01,112.73927255226556,-7.15162402049146,b'',
2024-12-02,112.73927255226556,-7.15162402049146,b'',
2024-12-03,112.73927255226556,-7.15162402049146,b'',3.823607e-05
2024-12-04,112.73927255226556,-7.15162402049146,b'',
2024-12-05,112.73927255226556,-7.15162402049146,b'',
2024-12-06,112.73927255226556,-7.15162402049146,b'',
2024-12-07,112.73927255226556,-7.15162402049146,b'',
2024-12-08,112.73927255226556,-7.15162402049146,b'',
2024-12-09,112.73927255226556,-7.15162402049146,b'',
2024-12-10,112.73927255226556,-7.15162402049146,b'',
2024-12-11,112.73927255226556,-7.15162402049146,b'',
2024-12-12,112.73927255226556,-7.15162402049146,b'',
2024-12-13,112.73927255226556,-7.15162402049146,b'',3.089382e-05
2024-12-14,112.73927255226556,-7.15162402049146,b'',
2024-12-15,112.73927255226556,-7.15162402049146,b'',
2024-12-16,112.73927255226556,-7.15162402049146,b'',
2024-12-17,112.73927255226556,-7.15162402049146,b'',
2024-12-18,112.73927255226556,-7.15162402049146,b'',
2024-12-19,112.73927255226556,-7.15162402049146,b'',5.281263e-05
2024-12-20,112.73927255226556,-7.15162402049146,b'',
2024-12-21,112.73927255226556,-7.15162402049146,b'',
2024-12-22,112.73927255226556,-7.15162402049146,b'',
2024-12-23,112.73927255226556,-7.15162402049146,b'',9.1762195e-05
2024-12-24,112.73927255226556,-7.15162402049146,b'',
2024-12-25,112.73927255226556,-7.15162402049146,b'',
2024-12-26,112.73927255226556,-7.15162402049146,b'',
2024-12-27,112.73927255226556,-7.15162402049146,b'',
2024-12-28,112.73927255226556,-7.15162402049146,b'',
2024-12-29,112.73927255226556,-7.15162402049146,b'',2.8008633e-05
2024-12-30,112.73927255226556,-7.15162402049146,b'',
2024-12-31,112.73927255226556,-7.15162402049146,b'',
2025-01-01,112.73927255226556,-7.15162402049146,b'',
2025-01-02,112.73927255226556,-7.15162402049146,b'',
2025-01-03,112.73927255226556,-7.15162402049146,b'',4.2872638e-05
2025-01-04,112.73927255226556,-7.15162402049146,b'',
2025-01-05,112.73927255226556,-7.15162402049146,b'',
2025-01-06,112.73927255226556,-7.15162402049146,b'',
2025-01-07,112.73927255226556,-7.15162402049146,b'',6.9195405e-05
2025-01-08,112.73927255226556,-7.15162402049146,b'',
2025-01-09,112.73927255226556,-7.15162402049146,b'',6.051598e-05
2025-01-10,112.73927255226556,-7.15162402049146,b'',
2025-01-11,112.73927255226556,-7.15162402049146,b'',
2025-01-12,112.73927255226556,-7.15162402049146,b'',
2025-01-13,112.73927255226556,-7.15162402049146,b'',
2025-01-14,112.73927255226556,-7.15162402049146,b'',
2025-01-15,112.73927255226556,-7.15162402049146,b'',
2025-01-16,112.73927255226556,-7.15162402049146,b'',
2025-01-17,112.73927255226556,-7.15162402049146,b'',
2025-01-18,112.73927255226556,-7.15162402049146,b'',4.8581984e-05
2025-01-19,112.73927255226556,-7.15162402049146,b'',
2025-01-20,112.73927255226556,-7.15162402049146,b'',
2025-01-21,112.73927255226556,-7.15162402049146,b'',
2025-01-22,112.73927255226556,-7.15162402049146,b'',3.6568134e-05
2025-01-23,112.73927255226556,-7.15162402049146,b'',
2025-01-24,112.73927255226556,-7.15162402049146,b'',
2025-01-25,112.73927255226556,-7.15162402049146,b'',8.126449e-05
2025-01-26,112.73927255226556,-7.15162402049146,b'',6.0336795e-05
2025-01-27,112.73927255226556,-7.15162402049146,b'',
2025-01-28,112.73927255226556,-7.15162402049146,b'',
2025-01-29,112.73927255226556,-7.15162402049146,b'',
2025-02-01,112.73927255226556,-7.15162402049146,b'',
2025-02-02,112.73927255226556,-7.15162402049146,b'',
2025-02-03,112.73927255226556,-7.15162402049146,b'',
2025-02-04,112.73927255226556,-7.15162402049146,b'',
2025-02-05,112.73927255226556,-7.15162402049146,b'',
2025-02-06,112.73927255226556,-7.15162402049146,b'',1.2929472e-05
2025-02-07,112.73927255226556,-7.15162402049146,b'',
2025-02-08,112.73927255226556,-7.15162402049146,b'',8.6390406e-05
2025-02-09,112.73927255226556,-7.15162402049146,b'',
2025-02-10,112.73927255226556,-7.15162402049146,b'',
2025-02-11,112.73927255226556,-7.15162402049146,b'',
2025-02-12,112.73927255226556,-7.15162402049146,b'',7.034779e-05
2025-02-13,112.73927255226556,-7.15162402049146,b'',4.5856e-05
2025-02-14,112.73927255226556,-7.15162402049146,b'',
2025-02-15,112.73927255226556,-7.15162402049146,b'',3.002627e-05
2025-02-16,112.73927255226556,-7.15162402049146,b'',2.1294181e-05
2025-02-17,112.73927255226556,-7.15162402049146,b'',
2025-02-18,112.73927255226556,-7.15162402049146,b'',
2025-02-19,112.73927255226556,-7.15162402049146,b'',7.2287345e-05
2025-02-20,112.73927255226556,-7.15162402049146,b'',
2025-02-21,112.73927255226556,-7.15162402049146,b'',
2025-02-22,112.73927255226556,-7.15162402049146,b'',
2025-02-23,112.73927255226556,-7.15162402049146,b'',
2025-02-24,112.73927255226556,-7.15162402049146,b'',
2025-02-25,112.73927255226556,-7.15162402049146,b'',5.9785674e-05
2025-02-26,112.73927255226556,-7.15162402049146,b'',
2025-02-27,112.73927255226556,-7.15162402049146,b'',
2025-02-28,112.73927255226556,-7.15162402049146,b'',
2025-03-01,112.73927255226556,-7.15162402049146,b'',
2025-03-02,112.73927255226556,-7.15162402049146,b'',
2025-03-03,112.73927255226556,-7.15162402049146,b'',
2025-03-04,112.73927255226556,-7.15162402049146,b'',
2025-03-05,112.73927255226556,-7.15162402049146,b'',
2025-03-06,112.73927255226556,-7.15162402049146,b'',
2025-03-07,112.73927255226556,-7.15162402049146,b'',
2025-03-08,112.73927255226556,-7.15162402049146,b'',
2025-03-09,112.73927255226556,-7.15162402049146,b'',
2025-03-10,112.73927255226556,-7.15162402049146,b'',
2025-03-11,112.73927255226556,-7.15162402049146,b'',2.3654322e-05
2025-03-12,112.73927255226556,-7.15162402049146,b'',3.286547e-05
2025-03-13,112.73927255226556,-7.15162402049146,b'',
2025-03-14,112.73927255226556,-7.15162402049146,b'',
2025-03-15,112.73927255226556,-7.15162402049146,b'',
2025-03-16,112.73927255226556,-7.15162402049146,b'',
2025-03-17,112.73927255226556,-7.15162402049146,b'',
2025-03-18,112.73927255226556,-7.15162402049146,b'',
2025-03-19,112.73927255226556,-7.15162402049146,b'',
2025-03-20,112.73927255226556,-7.15162402049146,b'',
2025-03-21,112.73927255226556,-7.15162402049146,b'',6.112239e-05
2025-03-22,112.73927255226556,-7.15162402049146,b'',
2025-03-23,112.73927255226556,-7.15162402049146,b'',
2025-03-24,112.73927255226556,-7.15162402049146,b'',
2025-03-25,112.73927255226556,-7.15162402049146,b'',
2025-03-26,112.73927255226556,-7.15162402049146,b'',6.019268e-05
2025-03-27,112.73927255226556,-7.15162402049146,b'',5.3300486e-05
2025-03-28,112.73927255226556,-7.15162402049146,b'',
2025-03-29,112.73927255226556,-7.15162402049146,b'',
2025-03-30,112.73927255226556,-7.15162402049146,b'',
2025-03-31,112.73927255226556,-7.15162402049146,b'',
2025-04-01,112.73927255226556,-7.15162402049146,b'',2.6201975e-05
2025-04-02,112.73927255226556,-7.15162402049146,b'',
2025-04-03,112.73927255226556,-7.15162402049146,b'',
2025-04-04,112.73927255226556,-7.15162402049146,b'',
2025-04-05,112.73927255226556,-7.15162402049146,b'',
2025-04-06,112.73927255226556,-7.15162402049146,b'',
2025-04-07,112.73927255226556,-7.15162402049146,b'',3.860505e-05
2025-04-08,112.73927255226556,-7.15162402049146,b'',
2025-04-09,112.73927255226556,-7.15162402049146,b'',
2025-04-10,112.73927255226556,-7.15162402049146,b'',
2025-04-11,112.73927255226556,-7.15162402049146,b'',
2025-04-12,112.73927255226556,-7.15162402049146,b'',
2025-04-13,112.73927255226556,-7.15162402049146,b'',
2025-04-14,112.73927255226556,-7.15162402049146,b'',
2025-04-15,112.73927255226556,-7.15162402049146,b'',
2025-04-16,112.73927255226556,-7.15162402049146,b'',
2025-04-17,112.73927255226556,-7.15162402049146,b'',
2025-04-18,112.73927255226556,-7.15162402049146,b'',
2025-04-19,112.73927255226556,-7.15162402049146,b'',
2025-04-20,112.73927255226556,-7.15162402049146,b'',
2025-04-21,112.73927255226556,-7.15162402049146,b'',
2025-04-22,112.73927255226556,-7.15162402049146,b'',3.7529182e-05
2025-04-23,112.73927255226556,-7.15162402049146,b'',
2025-04-24,112.73927255226556,-7.15162402049146,b'',0.0001615631
2025-04-25,112.73927255226556,-7.15162402049146,b'',
2025-04-26,112.73927255226556,-7.15162402049146,b'',5.243266e-05
2025-04-27,112.73927255226556,-7.15162402049146,b'',7.4602576e-05
2025-04-28,112.73927255226556,-7.15162402049146,b'',4.6807152e-05
2025-04-29,112.73927255226556,-7.15162402049146,b'',5.9322105e-05
2025-04-30,112.73927255226556,-7.15162402049146,b'',3.605016e-05
2025-05-01,112.73927255226556,-7.15162402049146,b'',6.540614e-05
2025-05-02,112.73927255226556,-7.15162402049146,b'',
2025-05-03,112.73927255226556,-7.15162402049146,b'',
2025-05-04,112.73927255226556,-7.15162402049146,b'',
2025-05-05,112.73927255226556,-7.15162402049146,b'',5.5562527e-06
2025-05-06,112.73927255226556,-7.15162402049146,b'',
2025-05-07,112.73927255226556,-7.15162402049146,b'',
2025-05-08,112.73927255226556,-7.15162402049146,b'',
2025-05-09,112.73927255226556,-7.15162402049146,b'',
2025-05-10,112.73927255226556,-7.15162402049146,b'',1.4742885e-07
2025-05-11,112.73927255226556,-7.15162402049146,b'',5.170001e-05
2025-05-12,112.73927255226556,-7.15162402049146,b'',
2025-05-13,112.73927255226556,-7.15162402049146,b'',
2025-05-14,112.73927255226556,-7.15162402049146,b'',
2025-05-15,112.73927255226556,-7.15162402049146,b'',
2025-05-16,112.73927255226556,-7.15162402049146,b'',
2025-05-17,112.73927255226556,-7.15162402049146,b'',3.544416e-05
2025-05-18,112.73927255226556,-7.15162402049146,b'',
2025-05-19,112.73927255226556,-7.15162402049146,b'',
2025-05-20,112.73927255226556,-7.15162402049146,b'',
2025-05-21,112.73927255226556,-7.15162402049146,b'',1.3906643e-05
2025-05-22,112.73927255226556,-7.15162402049146,b'',
2025-05-23,112.73927255226556,-7.15162402049146,b'',
2025-05-24,112.73927255226556,-7.15162402049146,b'',3.8654707e-05
2025-05-25,112.73927255226556,-7.15162402049146,b'',1.1609146e-05
2025-05-26,112.73927255226556,-7.15162402049146,b'',
2025-05-27,112.73927255226556,-7.15162402049146,b'',
2025-05-28,112.73927255226556,-7.15162402049146,b'',5.347974e-05
2025-05-29,112.73927255226556,-7.15162402049146,b'',4.8935504e-05
2025-05-30,112.73927255226556,-7.15162402049146,b'',3.7780734e-05
2025-05-31,112.73927255226556,-7.15162402049146,b'',
2025-06-01,112.73927255226556,-7.15162402049146,b'',
2025-06-02,112.73927255226556,-7.15162402049146,b'',
2025-06-03,112.73927255226556,-7.15162402049146,b'',
2025-06-04,112.73927255226556,-7.15162402049146,b'',
2025-06-05,112.73927255226556,-7.15162402049146,b'',1.0580617e-05
2025-06-06,112.73927255226556,-7.15162402049146,b'',3.0855957e-05
2025-06-07,112.73927255226556,-7.15162402049146,b'',
2025-06-08,112.73927255226556,-7.15162402049146,b'',1.7886914e-05
2025-06-09,112.73927255226556,-7.15162402049146,b'',
2025-06-10,112.73927255226556,-7.15162402049146,b'',1.3676712e-05
2025-06-11,112.73927255226556,-7.15162402049146,b'',3.287794e-05
2025-06-12,112.73927255226556,-7.15162402049146,b'',6.202519e-06
2025-06-13,112.73927255226556,-7.15162402049146,b'',
2025-06-14,112.73927255226556,-7.15162402049146,b'',
2025-06-15,112.73927255226556,-7.15162402049146,b'',1.34304255e-05
2025-06-16,112.73927255226556,-7.15162402049146,b'',1.9024583e-05
2025-06-17,112.73927255226556,-7.15162402049146,b'',1.1094697e-05
2025-06-18,112.73927255226556,-7.15162402049146,b'',
2025-06-19,112.73927255226556,-7.15162402049146,b'',
2025-06-20,112.73927255226556,-7.15162402049146,b'',
2025-06-21,112.73927255226556,-7.15162402049146,b'',3.0050805e-05
2025-06-22,112.73927255226556,-7.15162402049146,b'',
2025-06-23,112.73927255226556,-7.15162402049146,b'',2.686018e-05
2025-06-24,112.73927255226556,-7.15162402049146,b'',4.9191873e-05
2025-06-25,112.73927255226556,-7.15162402049146,b'',
2025-06-26,112.73927255226556,-7.15162402049146,b'',
2025-06-27,112.73927255226556,-7.15162402049146,b'',7.3715073e-06
2025-06-28,112.73927255226556,-7.15162402049146,b'',
2025-06-29,112.73927255226556,-7.15162402049146,b'',
2025-06-30,112.73927255226556,-7.15162402049146,b'',2.9962017e-05
2025-07-01,112.73927255226556,-7.15162402049146,b'',3.491932e-05
2025-07-02,112.73927255226556,-7.15162402049146,b'',2.0808533e-05
2025-07-03,112.73927255226556,-7.15162402049146,b'',
2025-07-04,112.73927255226556,-7.15162402049146,b'',
2025-07-05,112.73927255226556,-7.15162402049146,b'',1.8868772e-05
2025-07-06,112.73927255226556,-7.15162402049146,b'',
2025-07-07,112.73927255226556,-7.15162402049146,b'',
2025-07-08,112.73927255226556,-7.15162402049146,b'',8.137197e-06
2025-07-09,112.73927255226556,-7.15162402049146,b'',8.66174e-05
2025-07-10,112.73927255226556,-7.15162402049146,b'',4.131834e-05
2025-07-11,112.73927255226556,-7.15162402049146,b'',1.7938717e-05
2025-07-12,112.73927255226556,-7.15162402049146,b'',
2025-07-13,112.73927255226556,-7.15162402049146,b'',-1.1929312e-05
2025-07-14,112.73927255226556,-7.15162402049146,b'',0.0001058923
2025-07-15,112.73927255226556,-7.15162402049146,b'',3.3289678e-05
2025-07-16,112.73927255226556,-7.15162402049146,b'',4.1496463e-05
2025-07-17,112.73927255226556,-7.15162402049146,b'',3.2130858e-05
2025-07-18,112.73927255226556,-7.15162402049146,b'',0.00012555013
2025-07-19,112.73927255226556,-7.15162402049146,b'',4.9962644e-05
2025-07-20,112.73927255226556,-7.15162402049146,b'',4.2388187e-05
2025-07-21,112.73927255226556,-7.15162402049146,b'',3.1187566e-05
2025-07-22,112.73927255226556,-7.15162402049146,b'',3.65044e-05
2025-07-23,112.73927255226556,-7.15162402049146,b'',2.3684277e-05
2025-07-24,112.73927255226556,-7.15162402049146,b'',2.1484539e-05
2025-07-25,112.73927255226556,-7.15162402049146,b'',8.712775e-06
2025-07-26,112.73927255226556,-7.15162402049146,b'',2.400141e-05
2025-07-27,112.73927255226556,-7.15162402049146,b'',3.2736854e-05
2025-07-28,112.73927255226556,-7.15162402049146,b'',2.616116e-05
2025-07-29,112.73927255226556,-7.15162402049146,b'',2.3174709e-05
2025-07-30,112.73927255226556,-7.15162402049146,b'',1.7146369e-05
2025-07-31,112.73927255226556,-7.15162402049146,b'',2.367065e-05
2025-08-01,112.73927255226556,-7.15162402049146,b'',1.1464728e-05
2025-08-02,112.73927255226556,-7.15162402049146,b'',2.9632052e-05
2025-08-03,112.73927255226556,-7.15162402049146,b'',3.2063974e-05
2025-08-04,112.73927255226556,-7.15162402049146,b'',
2025-08-05,112.73927255226556,-7.15162402049146,b'',
2025-08-06,112.73927255226556,-7.15162402049146,b'',2.0277394e-05
2025-08-07,112.73927255226556,-7.15162402049146,b'',3.051701e-05
2025-08-08,112.73927255226556,-7.15162402049146,b'',6.4176534e-06
2025-08-09,112.73927255226556,-7.15162402049146,b'',2.6537815e-05
2025-08-10,112.73927255226556,-7.15162402049146,b'',2.2404762e-05
2025-08-11,112.73927255226556,-7.15162402049146,b'',1.6949436e-05
2025-08-12,112.73927255226556,-7.15162402049146,b'',2.2751063e-05
2025-08-13,112.73927255226556,-7.15162402049146,b'',2.182554e-05
2025-08-14,112.73927255226556,-7.15162402049146,b'',2.1642796e-05
2025-08-15,112.73927255226556,-7.15162402049146,b'',3.901191e-05
2025-08-16,112.73927255226556,-7.15162402049146,b'',1.18477765e-05
2025-08-17,112.73927255226556,-7.15162402049146,b'',4.567697e-06
2025-08-18,112.73927255226556,-7.15162402049146,b'',
2025-08-19,112.73927255226556,-7.15162402049146,b'',
2025-08-20,112.73927255226556,-7.15162402049146,b'',3.227649e-05
2025-08-21,112.73927255226556,-7.15162402049146,b'',
2025-08-22,112.73927255226556,-7.15162402049146,b'',
2025-08-23,112.73927255226556,-7.15162402049146,b'',1.0102833e-05
2025-08-24,112.73927255226556,-7.15162402049146,b'',2.6365602e-05
2025-08-25,112.73927255226556,-7.15162402049146,b'',1.9841906e-05
2025-08-26,112.73927255226556,-7.15162402049146,b'',3.478596e-05
2025-08-27,112.73927255226556,-7.15162402049146,b'',8.564513e-05
2025-08-28,112.73927255226556,-7.15162402049146,b'',9.603615e-06
2025-08-29,112.73927255226556,-7.15162402049146,b'',1.2764121e-05
2025-08-30,112.73927255226556,-7.15162402049146,b'',2.6166597e-05
2025-08-31,112.73927255226556,-7.15162402049146,b'',2.4809757e-05
2025-09-01,112.73927255226556,-7.15162402049146,b'',1.0745359e-05
2025-09-02,112.73927255226556,-7.15162402049146,b'',2.2846696e-05
2025-09-03,112.73927255226556,-7.15162402049146,b'',5.9169074e-06
2025-09-04,112.73927255226556,-7.15162402049146,b'',1.8099725e-05
2025-09-05,112.73927255226556,-7.15162402049146,b'',4.3352302e-05
2025-09-06,112.73927255226556,-7.15162402049146,b'',3.2955737e-05
2025-09-07,112.73927255226556,-7.15162402049146,b'',1.8705481e-05
2025-09-08,112.73927255226556,-7.15162402049146,b'',
2025-09-09,112.73927255226556,-7.15162402049146,b'',2.6526499e-05
2025-09-10,112.73927255226556,-7.15162402049146,b'',
2025-09-11,112.73927255226556,-7.15162402049146,b'',2.408649e-05
2025-09-12,112.73927255226556,-7.15162402049146,b'',2.1224541e-05
2025-09-13,112.73927255226556,-7.15162402049146,b'',1.1485072e-05
2025-09-14,112.73927255226556,-7.15162402049146,b'',3.5370187e-05
2025-09-15,112.73927255226556,-7.15162402049146,b'',2.5225534e-05
2025-09-16,112.73927255226556,-7.15162402049146,b'',2.0708285e-05
2025-09-17,112.73927255226556,-7.15162402049146,b'',
2025-09-18,112.73927255226556,-7.15162402049146,b'',
2025-09-19,112.73927255226556,-7.15162402049146,b'',
2025-09-20,112.73927255226556,-7.15162402049146,b'',
2025-09-21,112.73927255226556,-7.15162402049146,b'',9.771125e-06
2025-09-22,112.73927255226556,-7.15162402049146,b'',3.6771387e-05
2025-09-23,112.73927255226556,-7.15162402049146,b'',0.00011085753
2025-09-24,112.73927255226556,-7.15162402049146,b'',6.371946e-05
2025-09-25,112.73927255226556,-7.15162402049146,b'',2.6059426e-05
2025-09-26,112.73927255226556,-7.15162402049146,b'',2.7463404e-05
2025-09-27,112.73927255226556,-7.15162402049146,b'',3.6995563e-05
2025-09-28,112.73927255226556,-7.15162402049146,b'',1.9518317e-05
2025-09-29,112.73927255226556,-7.15162402049146,b'',
2025-09-30,112.73927255226556,-7.15162402049146,b'',
2025-10-01,112.73927255226556,-7.15162402049146,b'',
2025-10-02,112.73927255226556,-7.15162402049146,b'',
2025-10-03,112.73927255226556,-7.15162402049146,b'',5.527716e-05
2025-10-04,112.73927255226556,-7.15162402049146,b'',2.3418816e-05
2025-10-05,112.73927255226556,-7.15162402049146,b'',7.0951746e-06
2025-10-06,112.73927255226556,-7.15162402049146,b'',4.2811298e-05
2025-10-07,112.73927255226556,-7.15162402049146,b'',3.934113e-05
2025-10-08,112.73927255226556,-7.15162402049146,b'',0.00010383076
2025-10-09,112.73927255226556,-7.15162402049146,b'',2.9037732e-05
2025-10-10,112.73927255226556,-7.15162402049146,b'',3.1807253e-05
2025-10-11,112.73927255226556,-7.15162402049146,b'',
2025-10-12,112.73927255226556,-7.15162402049146,b'',
2025-10-13,112.73927255226556,-7.15162402049146,b'',
2025-10-14,112.73927255226556,-7.15162402049146,b'',1.51195145e-05
2025-10-15,112.73927255226556,-7.15162402049146,b'',
2025-10-16,112.73927255226556,-7.15162402049146,b'',1.9862178e-05
2025-10-17,112.73927255226556,-7.15162402049146,b'',1.2669999e-05
2025-10-18,112.73927255226556,-7.15162402049146,b'',1.4943131e-05
2025-10-19,112.73927255226556,-7.15162402049146,b'',5.5649325e-05
2025-10-20,112.73927255226556,-7.15162402049146,b'',
2025-10-21,112.73927255226556,-7.15162402049146,b'',
2025-10-22,112.73927255226556,-7.15162402049146,b'',
